EmployeeNumber,Age,Department,JobRole,MonthlyIncome,YearsAtCompany,JobSatisfaction,WorkLifeBalance,OverTime,Risk_Score,Risk_Level
2,49,Research & Development,Research Scientist,5130,10,2,3,No,1,Low Risk
5,33,Research & Development,Research Scientist,2909,8,3,3,Yes,2,Medium Risk
7,27,Research & Development,Laboratory Technician,3468,2,2,3,No,1,Low Risk
8,32,Research & Development,Laboratory Technician,3068,7,4,2,No,2,Medium Risk
10,59,Research & Development,Laboratory Technician,2670,1,1,2,Yes,5,High Risk
11,30,Research & Development,Laboratory Technician,2693,1,3,3,No,2,Medium Risk
12,38,Research & Development,Manufacturing Director,9526,9,3,3,No,0,Low Risk
13,36,Research & Development,Healthcare Representative,5237,7,3,2,No,1,Low Risk
14,35,Research & Development,Laboratory Technician,2426,5,2,3,No,2,Medium Risk
15,29,Research & Development,Laboratory Technician,4193,9,3,3,Yes,1,Low Risk
16,31,Research & Development,Research Scientist,2911,5,3,2,No,2,Medium Risk
18,34,Research & Development,Laboratory Technician,2661,2,4,3,No,1,Low Risk
20,29,Research & Development,Manufacturing Director,9980,10,1,3,No,1,Low Risk
21,32,Research & Development,Research Scientist,3298,6,2,2,Yes,3,High Risk
22,22,Research & Development,Laboratory Technician,2935,1,4,2,Yes,4,High Risk
23,53,Sales,Manager,15427,25,4,3,No,0,Low Risk
24,38,Research & Development,Research Scientist,3944,3,4,3,Yes,1,Low Risk
26,24,Research & Development,Manufacturing Director,4011,4,3,2,No,1,Low Risk
28,34,Research & Development,Research Director,11994,12,2,3,No,1,Low Risk
30,21,Research & Development,Research Scientist,1232,0,4,3,No,2,Medium Risk
32,53,Research & Development,Manager,19094,14,3,2,No,1,Low Risk
35,42,Sales,Sales Executive,6825,9,2,3,No,1,Low Risk
36,44,Research & Development,Healthcare Representative,10248,22,4,3,No,0,Low Risk
38,46,Sales,Manager,18947,2,1,2,No,2,Medium Risk
39,33,Research & Development,Laboratory Technician,2496,1,4,3,No,2,Medium Risk
40,44,Research & Development,Healthcare Representative,6465,4,4,4,Yes,1,Low Risk
41,30,Research & Development,Laboratory Technician,2206,10,3,3,No,1,Low Risk
46,43,Research & Development,Research Scientist,2645,5,3,2,No,2,Medium Risk
49,35,Sales,Sales Representative,2014,2,4,3,No,1,Low Risk
51,36,Research & Development,Research Scientist,3419,1,1,4,Yes,3,High Risk
52,33,Sales,Sales Executive,5376,5,1,3,No,1,Low Risk
53,35,Research & Development,Laboratory Technician,1951,1,4,3,No,2,Medium Risk
54,27,Research & Development,Laboratory Technician,2341,1,1,3,No,3,High Risk
56,27,Sales,Sales Executive,8726,9,3,3,No,0,Low Risk
57,30,Research & Development,Laboratory Technician,4011,12,4,3,No,0,Low Risk
60,34,Sales,Sales Executive,4568,9,3,3,No,0,Low Risk
61,37,Research & Development,Research Scientist,3022,1,2,3,No,3,High Risk
62,46,Sales,Sales Executive,5772,9,4,3,Yes,1,Low Risk
63,35,Research & Development,Laboratory Technician,2269,1,4,3,No,2,Medium Risk
68,44,Sales,Sales Executive,5454,4,1,2,Yes,3,High Risk
70,35,Research & Development,Healthcare Representative,9884,4,1,3,Yes,2,Medium Risk
72,26,Sales,Sales Executive,4157,2,4,2,Yes,2,Medium Risk
73,33,Research & Development,Research Director,13458,15,4,3,Yes,1,Low Risk
74,35,Sales,Sales Executive,9069,9,1,2,No,2,Medium Risk
75,35,Research & Development,Laboratory Technician,4014,2,1,3,Yes,2,Medium Risk
76,31,Research & Development,Laboratory Technician,5915,7,4,2,No,1,Low Risk
77,37,Research & Development,Manufacturing Director,5993,7,3,4,No,0,Low Risk
78,32,Research & Development,Manufacturing Director,6162,9,4,3,Yes,1,Low Risk
79,38,Research & Development,Laboratory Technician,2406,10,4,3,No,1,Low Risk
80,50,Research & Development,Research Director,18740,27,3,2,Yes,2,Medium Risk
81,59,Sales,Sales Executive,7637,21,1,2,No,2,Medium Risk
83,36,Research & Development,Healthcare Representative,10096,17,3,3,No,0,Low Risk
84,55,Research & Development,Manager,14756,5,3,3,Yes,1,Low Risk
85,36,Research & Development,Manufacturing Director,6499,6,2,3,No,1,Low Risk
86,45,Research & Development,Research Scientist,9724,1,1,3,No,2,Medium Risk
88,35,Research & Development,Research Scientist,2194,3,1,2,No,3,High Risk
91,59,Sales,Sales Executive,5473,4,3,2,No,1,Low Risk
94,29,Research & Development,Research Scientist,2703,5,2,3,No,2,Medium Risk
95,31,Research & Development,Research Scientist,2501,1,2,3,No,3,High Risk
96,32,Research & Development,Research Scientist,6220,10,2,3,No,1,Low Risk
97,36,Research & Development,Laboratory Technician,3038,1,4,3,No,2,Medium Risk
98,31,Research & Development,Manufacturing Director,4424,11,4,3,No,0,Low Risk
100,35,Sales,Sales Executive,4312,15,1,3,No,1,Low Risk
101,45,Research & Development,Research Director,13245,0,1,4,Yes,3,High Risk
102,37,Research & Development,Research Director,13664,5,3,4,No,0,Low Risk
103,46,Human Resources,Human Resources,5021,4,2,3,Yes,2,Medium Risk
104,30,Research & Development,Laboratory Technician,5126,10,4,2,Yes,2,Medium Risk
105,35,Research & Development,Research Scientist,2859,6,3,3,No,1,Low Risk
106,55,Sales,Sales Executive,10239,1,4,3,No,1,Low Risk
107,38,Research & Development,Research Scientist,5329,13,4,3,Yes,1,Low Risk
110,34,Research & Development,Manufacturing Director,4325,5,2,3,No,1,Low Risk
112,56,Research & Development,Manufacturing Director,7260,6,4,2,No,1,Low Risk
113,23,Sales,Sales Representative,2322,0,1,3,No,3,High Risk
116,51,Research & Development,Laboratory Technician,2075,4,4,3,No,1,Low Risk
117,30,Research & Development,Healthcare Representative,4152,11,4,3,No,0,Low Risk
119,40,Research & Development,Healthcare Representative,13503,22,2,2,No,2,Medium Risk
120,51,Sales,Sales Executive,5441,10,4,1,Yes,2,Medium Risk
121,30,Sales,Sales Executive,5209,11,2,2,Yes,3,High Risk
124,46,Research & Development,Healthcare Representative,10673,10,1,2,Yes,3,High Risk
125,32,Sales,Sales Executive,5010,11,3,3,No,0,Low Risk
126,54,Research & Development,Research Director,13549,4,3,1,No,1,Low Risk
128,24,Sales,Sales Executive,4999,3,3,2,No,1,Low Risk
129,28,Sales,Sales Executive,4221,5,3,4,No,0,Low Risk
131,58,Sales,Sales Executive,13872,37,3,2,No,1,Low Risk
132,44,Research & Development,Laboratory Technician,2042,3,2,4,No,2,Medium Risk
134,32,Research & Development,Research Scientist,2956,1,1,3,No,3,High Risk
138,34,Research & Development,Research Scientist,4809,16,3,3,No,0,Low Risk
139,37,Research & Development,Healthcare Representative,5163,1,4,4,No,1,Low Risk
140,59,Human Resources,Manager,18844,3,4,3,No,0,Low Risk
141,50,Research & Development,Research Director,18172,8,2,2,Yes,3,High Risk
143,25,Research & Development,Research Scientist,2889,2,4,3,No,1,Low Risk
144,22,Research & Development,Laboratory Technician,2871,0,4,3,No,2,Medium Risk
145,51,Research & Development,Healthcare Representative,7484,13,1,2,No,2,Medium Risk
148,54,Human Resources,Manager,17328,5,4,3,Yes,1,Low Risk
150,24,Research & Development,Laboratory Technician,2774,5,3,3,No,1,Low Risk
151,34,Research & Development,Research Scientist,4505,1,2,3,No,2,Medium Risk
152,37,Sales,Sales Executive,7428,5,4,3,No,0,Low Risk
153,34,Research & Development,Manager,11631,11,1,3,No,1,Low Risk
154,36,Sales,Sales Executive,9738,9,4,3,No,0,Low Risk
155,36,Research & Development,Laboratory Technician,2835,1,4,3,No,2,Medium Risk
158,43,Sales,Manager,16959,25,4,4,Yes,1,Low Risk
159,30,Research & Development,Research Scientist,2613,10,3,2,No,2,Medium Risk
160,33,Sales,Sales Executive,6146,7,2,4,No,1,Low Risk
162,51,Research & Development,Research Director,19537,20,3,3,No,0,Low Risk
164,26,Research & Development,Research Scientist,2368,5,2,2,No,3,High Risk
169,22,Research & Development,Laboratory Technician,2523,2,4,3,No,1,Low Risk
170,49,Research & Development,Manufacturing Director,6567,15,1,2,No,2,Medium Risk
171,43,Research & Development,Research Scientist,4739,3,3,3,No,0,Low Risk
174,50,Sales,Sales Executive,9208,2,4,3,No,0,Low Risk
176,41,Sales,Sales Executive,8189,9,3,3,Yes,1,Low Risk
177,26,Human Resources,Human Resources,2942,8,3,3,No,1,Low Risk
178,36,Research & Development,Manufacturing Director,4941,3,2,3,No,1,Low Risk
182,39,Sales,Sales Executive,5902,15,3,4,No,0,Low Risk
183,25,Sales,Sales Executive,8639,2,3,3,No,0,Low Risk
184,30,Human Resources,Human Resources,6347,11,4,1,Yes,2,Medium Risk
192,45,Research & Development,Research Scientist,3452,6,4,2,No,1,Low Risk
193,38,Research & Development,Research Scientist,4317,3,3,3,Yes,1,Low Risk
194,30,Research & Development,Research Scientist,2632,5,3,2,No,2,Medium Risk
195,32,Sales,Sales Executive,4668,8,4,4,No,0,Low Risk
197,30,Research & Development,Research Scientist,3204,3,1,3,No,2,Medium Risk
198,30,Research & Development,Laboratory Technician,2720,5,4,3,No,1,Low Risk
199,41,Research & Development,Manager,17181,7,1,2,No,2,Medium Risk
200,41,Research & Development,Laboratory Technician,2238,5,1,3,No,2,Medium Risk
201,19,Research & Development,Laboratory Technician,1483,1,2,3,No,3,High Risk
202,40,Research & Development,Research Scientist,5605,20,2,3,No,1,Low Risk
204,35,Sales,Sales Executive,7295,10,2,3,No,1,Low Risk
205,53,Sales,Sales Representative,2306,7,3,1,Yes,3,High Risk
206,45,Research & Development,Laboratory Technician,2348,17,2,1,No,3,High Risk
207,32,Sales,Sales Executive,8998,9,4,3,No,0,Low Risk
208,29,Research & Development,Manufacturing Director,4319,10,3,3,No,0,Low Risk
211,51,Research & Development,Manufacturing Director,6132,1,3,3,No,1,Low Risk
214,58,Research & Development,Research Scientist,3346,1,2,2,Yes,4,High Risk
215,40,Sales,Sales Executive,10855,12,4,2,No,1,Low Risk
216,34,Sales,Sales Representative,2231,4,3,3,No,1,Low Risk
217,22,Research & Development,Research Scientist,2323,2,4,3,No,1,Low Risk
218,27,Research & Development,Research Scientist,2024,2,2,1,No,3,High Risk
221,28,Research & Development,Research Scientist,2713,5,4,1,No,2,Medium Risk
223,57,Research & Development,Healthcare Representative,9439,5,4,1,Yes,2,Medium Risk
224,27,Research & Development,Research Scientist,2566,1,3,2,Yes,4,High Risk
226,50,Research & Development,Manager,19926,5,2,3,No,1,Low Risk
227,41,Research & Development,Research Scientist,2451,9,3,3,No,1,Low Risk
228,30,Sales,Sales Executive,9419,10,4,3,No,0,Low Risk
230,38,Sales,Sales Executive,8686,8,4,4,No,0,Low Risk
231,32,Research & Development,Research Scientist,3038,5,3,3,No,1,Low Risk
233,27,Research & Development,Research Scientist,3058,5,2,2,Yes,4,High Risk
238,36,Research & Development,Laboratory Technician,2088,8,2,2,No,3,High Risk
239,30,Research & Development,Laboratory Technician,3072,12,1,3,No,2,Medium Risk
240,45,Sales,Sales Executive,5006,5,1,4,Yes,2,Medium Risk
241,56,Research & Development,Research Scientist,4257,2,1,3,Yes,2,Medium Risk
242,33,Research & Development,Research Scientist,2500,3,4,4,No,1,Low Risk
244,46,Sales,Sales Executive,10453,24,1,3,No,1,Low Risk
245,38,Research & Development,Laboratory Technician,2288,2,4,3,No,1,Low Risk
246,31,Research & Development,Research Scientist,3929,4,4,3,Yes,1,Low Risk
247,34,Research & Development,Research Scientist,2311,3,2,3,No,2,Medium Risk
249,50,Research & Development,Laboratory Technician,3690,3,3,2,No,1,Low Risk
250,53,Research & Development,Manufacturing Director,4450,4,1,3,No,1,Low Risk
252,33,Research & Development,Research Scientist,2756,8,2,3,No,2,Medium Risk
253,40,Research & Development,Manager,19033,20,3,3,No,0,Low Risk
254,55,Research & Development,Research Director,18722,24,2,3,No,1,Low Risk
256,34,Research & Development,Manufacturing Director,9547,10,3,2,No,1,Low Risk
258,51,Research & Development,Healthcare Representative,13734,7,2,3,No,1,Low Risk
259,52,Research & Development,Manager,19999,33,3,3,No,0,Low Risk
260,27,Research & Development,Research Scientist,2279,7,2,2,No,3,High Risk
262,43,Research & Development,Research Scientist,2089,5,4,4,No,1,Low Risk
264,45,Research & Development,Manager,16792,20,4,3,No,0,Low Risk
267,37,Research & Development,Research Scientist,3564,8,1,2,Yes,3,High Risk
269,35,Research & Development,Laboratory Technician,4425,6,2,3,No,1,Low Risk
270,42,Research & Development,Manufacturing Director,5265,5,3,3,No,0,Low Risk
271,38,Research & Development,Manufacturing Director,6553,1,3,3,No,1,Low Risk
273,38,Research & Development,Manufacturing Director,6261,7,4,1,No,1,Low Risk
274,27,Research & Development,Manufacturing Director,4298,2,1,3,No,1,Low Risk
275,49,Research & Development,Manufacturing Director,6804,7,4,3,Yes,1,Low Risk
277,34,Research & Development,Research Scientist,3815,5,3,4,Yes,1,Low Risk
281,40,Research & Development,Laboratory Technician,2741,7,4,4,Yes,2,Medium Risk
284,22,Research & Development,Research Scientist,2328,4,2,2,Yes,4,High Risk
286,36,Research & Development,Laboratory Technician,2153,8,4,3,No,1,Low Risk
287,40,Research & Development,Healthcare Representative,4876,3,4,1,No,1,Low Risk
288,46,Research & Development,Healthcare Representative,9396,4,1,3,No,1,Low Risk
292,30,Research & Development,Manufacturing Director,8474,11,3,3,No,0,Low Risk
293,27,Sales,Sales Executive,9981,7,3,3,No,0,Low Risk
296,51,Research & Development,Research Director,12490,10,2,1,No,2,Medium Risk
298,41,Sales,Manager,13591,1,4,3,Yes,2,Medium Risk
302,45,Sales,Sales Executive,8865,19,4,3,No,0,Low Risk
303,54,Sales,Sales Executive,5940,6,1,3,No,1,Low Risk
304,36,Research & Development,Laboratory Technician,5914,13,2,4,No,1,Low Risk
305,33,Research & Development,Research Scientist,2622,3,2,3,No,2,Medium Risk
306,37,Research & Development,Research Director,12185,10,4,3,Yes,1,Low Risk
307,38,Sales,Sales Executive,10609,16,3,2,No,1,Low Risk
308,31,Research & Development,Manufacturing Director,4345,5,3,3,No,0,Low Risk
309,59,Research & Development,Research Scientist,2177,1,4,3,No,2,Medium Risk
311,37,Sales,Sales Representative,2793,9,4,3,No,1,Low Risk
312,29,Sales,Sales Executive,7918,11,4,3,No,0,Low Risk
314,35,Sales,Sales Executive,8789,10,3,4,No,0,Low Risk
316,52,Research & Development,Laboratory Technician,3212,2,4,2,No,1,Low Risk
319,42,Research & Development,Manager,19232,22,4,3,No,0,Low Risk
321,59,Human Resources,Human Resources,2267,2,3,2,No,2,Medium Risk
323,50,Sales,Manager,19517,7,4,2,No,1,Low Risk
327,43,Sales,Manager,16064,17,4,3,Yes,1,Low Risk
329,52,Sales,Manager,19068,33,3,4,Yes,1,Low Risk
330,32,Sales,Sales Representative,3931,4,2,3,No,1,Low Risk
332,39,Research & Development,Laboratory Technician,2232,3,3,3,No,1,Low Risk
333,32,Sales,Sales Executive,4465,3,4,3,No,0,Low Risk
334,41,Research & Development,Research Scientist,3072,1,1,2,No,4,High Risk
335,40,Research & Development,Research Scientist,3319,9,4,3,No,0,Low Risk
336,45,Research & Development,Manager,19202,24,4,3,No,0,Low Risk
337,31,Research & Development,Research Director,13675,2,3,3,No,0,Low Risk
338,33,Research & Development,Research Scientist,2911,2,4,2,No,2,Medium Risk
339,34,Research & Development,Manufacturing Director,5957,11,1,3,No,1,Low Risk
340,37,Research & Development,Research Scientist,3920,3,1,2,No,2,Medium Risk
341,45,Research & Development,Manufacturing Director,6434,3,3,3,No,0,Low Risk
343,39,Research & Development,Healthcare Representative,10938,19,3,3,No,0,Low Risk
346,29,Research & Development,Research Scientist,2340,6,4,3,No,1,Low Risk
347,42,Research & Development,Research Scientist,6545,3,1,3,Yes,2,Medium Risk
349,29,Sales,Sales Executive,6931,3,4,3,No,0,Low Risk
350,25,Research & Development,Manufacturing Director,4898,4,3,3,No,0,Low Risk
351,42,Research & Development,Laboratory Technician,2593,9,1,3,Yes,3,High Risk
352,40,Research & Development,Research Director,19436,21,3,3,No,0,Low Risk
353,51,Research & Development,Research Scientist,2723,1,4,2,No,3,High Risk
359,32,Research & Development,Laboratory Technician,2794,5,2,1,No,3,High Risk
361,38,Sales,Sales Executive,5249,8,4,3,No,0,Low Risk
362,32,Research & Development,Laboratory Technician,2176,6,1,3,No,2,Medium Risk
363,46,Sales,Manager,16872,7,2,2,Yes,3,High Risk
366,29,Sales,Sales Executive,6644,0,2,3,No,2,Medium Risk
367,31,Research & Development,Healthcare Representative,5582,9,4,3,No,0,Low Risk
369,25,Research & Development,Healthcare Representative,4000,6,1,3,No,1,Low Risk
372,45,Research & Development,Healthcare Representative,13496,20,4,3,Yes,1,Low Risk
373,36,Research & Development,Laboratory Technician,3210,15,4,3,No,1,Low Risk
374,55,Research & Development,Manager,19045,36,1,3,Yes,2,Medium Risk
377,28,Research & Development,Research Scientist,2070,5,4,2,No,2,Medium Risk
378,37,Sales,Sales Executive,6502,5,4,4,No,0,Low Risk
379,21,Research & Development,Research Scientist,3230,3,3,4,No,0,Low Risk
380,37,Research & Development,Research Director,13603,5,4,3,Yes,1,Low Risk
381,35,Research & Development,Manager,11996,7,2,2,No,2,Medium Risk
382,38,Sales,Sales Executive,5605,8,1,3,Yes,2,Medium Risk
384,26,Research & Development,Manufacturing Director,6397,6,2,1,No,2,Medium Risk
385,50,Research & Development,Research Director,19144,10,2,2,No,2,Medium Risk
386,53,Research & Development,Research Director,17584,5,3,2,Yes,2,Medium Risk
387,42,Sales,Sales Executive,4907,20,3,3,No,0,Low Risk
388,29,Sales,Sales Executive,4554,10,4,2,No,1,Low Risk
389,55,Research & Development,Laboratory Technician,5415,10,4,3,Yes,1,Low Risk
390,26,Research & Development,Healthcare Representative,4741,5,1,3,Yes,2,Medium Risk
391,37,Research & Development,Research Scientist,2115,17,4,3,No,1,Low Risk
393,38,Research & Development,Healthcare Representative,5745,2,4,3,No,0,Low Risk
395,28,Research & Development,Research Scientist,3310,5,4,3,No,0,Low Risk
396,49,Research & Development,Research Director,18665,3,1,3,Yes,2,Medium Risk
397,36,Research & Development,Research Scientist,4485,8,2,3,No,1,Low Risk
399,31,Sales,Sales Representative,2789,2,2,2,No,3,High Risk
403,37,Research & Development,Research Scientist,2326,4,4,2,Yes,3,High Risk
404,42,Sales,Sales Executive,13525,20,2,4,No,1,Low Risk
406,35,Sales,Sales Executive,8020,11,2,2,No,2,Medium Risk
407,36,Research & Development,Laboratory Technician,3688,1,4,3,No,1,Low Risk
408,51,Research & Development,Manufacturing Director,5482,4,2,3,No,1,Low Risk
410,41,Sales,Manager,16015,22,2,3,No,1,Low Risk
411,18,Sales,Sales Representative,1200,0,3,3,No,2,Medium Risk
412,28,Research & Development,Healthcare Representative,5661,8,1,3,No,1,Low Risk
416,31,Sales,Sales Executive,6929,8,4,2,No,1,Low Risk
417,39,Research & Development,Healthcare Representative,9613,18,4,2,No,1,Low Risk
419,36,Research & Development,Laboratory Technician,5674,9,2,3,No,1,Low Risk
420,32,Sales,Sales Executive,5484,13,3,2,No,1,Low Risk
421,38,Research & Development,Research Director,12061,10,2,3,No,1,Low Risk
422,58,Research & Development,Healthcare Representative,5660,5,3,3,Yes,1,Low Risk
423,31,Research & Development,Research Scientist,4821,5,4,3,Yes,1,Low Risk
424,31,Human Resources,Human Resources,6410,2,1,3,No,1,Low Risk
425,45,Research & Development,Laboratory Technician,5210,24,1,3,No,1,Low Risk
426,31,Research & Development,Research Scientist,2695,2,4,1,Yes,3,High Risk
428,33,Research & Development,Manager,11878,10,2,3,No,1,Low Risk
429,39,Research & Development,Manager,17068,21,1,3,Yes,2,Medium Risk
430,43,Research & Development,Laboratory Technician,2455,8,4,3,No,1,Low Risk
431,49,Research & Development,Healthcare Representative,13964,7,3,3,Yes,1,Low Risk
434,27,Research & Development,Research Scientist,2478,4,2,2,Yes,4,High Risk
436,32,Sales,Sales Executive,5228,13,2,3,Yes,2,Medium Risk
437,27,Sales,Sales Executive,4478,5,3,3,Yes,1,Low Risk
438,31,Sales,Sales Executive,7547,7,4,3,No,0,Low Risk
439,32,Research & Development,Research Scientist,5055,7,4,2,No,1,Low Risk
441,30,Research & Development,Research Scientist,5775,10,4,3,No,0,Low Risk
442,31,Research & Development,Manufacturing Director,8943,10,3,3,No,0,Low Risk
444,39,Research & Development,Manager,19272,21,4,3,No,0,Low Risk
446,33,Sales,Sales Executive,4682,7,4,2,No,1,Low Risk
447,47,Research & Development,Research Director,18300,3,3,3,No,0,Low Risk
448,43,Research & Development,Laboratory Technician,5257,9,3,4,No,0,Low Risk
449,27,Sales,Sales Executive,6349,5,2,3,Yes,2,Medium Risk
450,54,Research & Development,Research Scientist,4869,4,3,2,No,1,Low Risk
451,43,Research & Development,Healthcare Representative,9985,1,1,2,No,3,High Risk
452,45,Research & Development,Research Scientist,3697,10,4,3,No,0,Low Risk
453,40,Sales,Sales Executive,7457,4,4,2,Yes,2,Medium Risk
455,29,Research & Development,Laboratory Technician,3983,3,4,3,No,0,Low Risk
456,30,Sales,Sales Executive,6118,10,3,3,No,0,Low Risk
458,27,Sales,Sales Executive,6214,8,2,3,No,1,Low Risk
460,37,Research & Development,Manufacturing Director,6347,6,4,2,No,1,Low Risk
461,38,Research & Development,Research Director,11510,11,4,3,Yes,1,Low Risk
462,31,Research & Development,Manufacturing Director,7143,11,4,2,Yes,2,Medium Risk
463,29,Sales,Sales Executive,8268,7,2,3,Yes,2,Medium Risk
464,35,Research & Development,Manufacturing Director,8095,16,2,3,No,1,Low Risk
465,23,Research & Development,Research Scientist,2904,4,4,2,No,2,Medium Risk
466,41,Research & Development,Manufacturing Director,6032,5,2,3,Yes,2,Medium Risk
467,47,Sales,Sales Representative,2976,0,3,3,No,2,Medium Risk
468,42,Research & Development,Research Director,15992,1,4,3,No,1,Low Risk
469,29,Sales,Sales Executive,4649,4,3,2,No,1,Low Risk
470,42,Human Resources,Human Resources,2696,3,3,3,Yes,2,Medium Risk
471,32,Research & Development,Laboratory Technician,2370,8,2,3,No,2,Medium Risk
473,48,Sales,Manager,12504,0,3,1,No,2,Medium Risk
474,37,Research & Development,Research Scientist,5974,7,1,3,Yes,2,Medium Risk
475,30,Sales,Sales Executive,4736,2,3,4,Yes,1,Low Risk
476,26,Sales,Sales Executive,5296,8,3,3,No,0,Low Risk
477,42,Research & Development,Healthcare Representative,6781,1,4,3,No,1,Low Risk
479,36,Sales,Sales Executive,6653,1,4,3,No,1,Low Risk
481,36,Sales,Sales Executive,9699,13,4,3,No,0,Low Risk
482,57,Research & Development,Healthcare Representative,6755,3,3,3,No,0,Low Risk
483,40,Research & Development,Laboratory Technician,2213,7,3,3,Yes,2,Medium Risk
484,21,Sales,Sales Representative,2610,3,4,2,No,2,Medium Risk
486,37,Research & Development,Laboratory Technician,3452,5,1,3,No,1,Low Risk
487,46,Research & Development,Manufacturing Director,5258,1,3,4,No,1,Low Risk
491,50,Research & Development,Healthcare Representative,10496,4,4,3,No,0,Low Risk
493,31,Research & Development,Research Scientist,2657,2,2,3,Yes,3,High Risk
495,29,Research & Development,Research Scientist,2201,3,4,3,No,1,Low Risk
496,35,Research & Development,Healthcare Representative,6540,1,2,3,No,2,Medium Risk
497,27,Research & Development,Laboratory Technician,3816,5,2,3,No,1,Low Risk
498,28,Sales,Sales Executive,5253,7,4,3,No,0,Low Risk
499,49,Research & Development,Healthcare Representative,10965,5,3,3,No,0,Low Risk
500,51,Sales,Sales Executive,4936,7,4,2,No,1,Low Risk
501,36,Research & Development,Research Scientist,2543,2,3,3,No,1,Low Risk
505,55,Research & Development,Manager,16659,5,4,3,Yes,1,Low Risk
507,24,Sales,Sales Executive,4260,5,3,4,Yes,1,Low Risk
508,30,Sales,Sales Representative,2476,1,2,3,No,3,High Risk
511,22,Research & Development,Research Scientist,2244,2,2,3,No,2,Medium Risk
513,36,Sales,Sales Executive,7596,10,3,3,No,0,Low Risk
515,37,Research & Development,Laboratory Technician,3034,18,1,2,No,3,High Risk
516,40,Sales,Sales Executive,5715,5,2,3,No,1,Low Risk
517,42,Research & Development,Laboratory Technician,2576,5,1,3,No,2,Medium Risk
518,37,Research & Development,Manufacturing Director,4197,1,2,2,Yes,4,High Risk
520,43,Research & Development,Research Director,14336,25,2,3,No,1,Low Risk
521,40,Research & Development,Laboratory Technician,3448,1,3,3,No,1,Low Risk
522,54,Research & Development,Research Director,19406,4,1,2,No,2,Medium Risk
523,34,Sales,Sales Executive,6538,3,3,3,No,0,Low Risk
524,31,Research & Development,Manufacturing Director,4306,13,1,1,No,2,Medium Risk
525,43,Research & Development,Laboratory Technician,2258,3,4,3,No,1,Low Risk
526,43,Research & Development,Healthcare Representative,4522,5,3,3,Yes,1,Low Risk
527,25,Sales,Sales Executive,4487,5,4,3,Yes,1,Low Risk
529,37,Research & Development,Research Scientist,4449,13,3,3,Yes,1,Low Risk
530,31,Research & Development,Laboratory Technician,2218,4,1,3,No,2,Medium Risk
531,39,Research & Development,Manager,19197,21,3,3,Yes,1,Low Risk
532,56,Sales,Sales Executive,13212,7,1,2,No,2,Medium Risk
533,30,Sales,Sales Executive,6577,5,3,3,No,0,Low Risk
534,41,Sales,Sales Executive,8392,10,1,3,No,1,Low Risk
536,28,Research & Development,Laboratory Technician,4558,10,1,3,No,1,Low Risk
543,52,Research & Development,Manufacturing Director,7969,5,3,3,Yes,1,Low Risk
544,45,Research & Development,Research Scientist,2654,2,4,2,No,2,Medium Risk
546,52,Research & Development,Manager,16555,5,4,1,No,1,Low Risk
547,42,Research & Development,Research Scientist,4556,5,3,3,No,0,Low Risk
548,30,Research & Development,Manufacturing Director,6091,5,4,3,No,0,Low Risk
549,60,Research & Development,Manager,19566,29,1,1,No,2,Medium Risk
550,46,Research & Development,Manufacturing Director,4810,10,3,2,No,1,Low Risk
551,42,Research & Development,Healthcare Representative,4523,6,4,4,No,0,Low Risk
556,38,Research & Development,Laboratory Technician,1702,1,4,3,Yes,3,High Risk
558,40,Sales,Manager,18041,20,3,3,No,0,Low Risk
560,26,Research & Development,Research Scientist,2886,3,4,1,No,2,Medium Risk
562,30,Research & Development,Laboratory Technician,2097,5,4,1,No,2,Medium Risk
564,29,Research & Development,Research Director,11935,10,3,3,No,0,Low Risk
567,30,Sales,Sales Executive,8412,9,1,3,No,1,Low Risk
568,57,Sales,Manager,14118,1,4,2,No,2,Medium Risk
569,50,Research & Development,Manager,17046,27,3,3,No,0,Low Risk
571,30,Research & Development,Laboratory Technician,2564,11,4,2,No,2,Medium Risk
573,60,Sales,Sales Executive,10266,18,1,4,No,1,Low Risk
574,47,Research & Development,Manufacturing Director,5070,5,4,3,No,0,Low Risk
575,46,Research & Development,Research Director,17861,3,3,1,No,1,Low Risk
577,35,Research & Development,Laboratory Technician,4230,5,3,3,No,0,Low Risk
578,54,Research & Development,Laboratory Technician,3780,1,3,3,No,1,Low Risk
579,34,Research & Development,Research Scientist,2768,7,3,3,No,1,Low Risk
580,46,Sales,Sales Executive,9071,3,4,3,Yes,1,Low Risk
581,31,Research & Development,Manufacturing Director,10648,13,2,4,No,1,Low Risk
585,30,Sales,Sales Representative,2983,3,2,3,No,2,Medium Risk
586,35,Research & Development,Healthcare Representative,7632,8,3,3,Yes,1,Low Risk
591,42,Research & Development,Laboratory Technician,2093,2,3,3,No,1,Low Risk
592,36,Sales,Sales Executive,9980,10,4,2,No,1,Low Risk
595,48,Sales,Sales Executive,4051,9,4,3,No,0,Low Risk
597,55,Sales,Manager,16835,10,2,3,No,1,Low Risk
599,41,Sales,Sales Executive,6230,14,4,3,No,0,Low Risk
600,35,Sales,Sales Executive,4717,11,3,3,No,0,Low Risk
601,40,Research & Development,Manufacturing Director,13237,20,3,3,No,0,Low Risk
602,39,Research & Development,Laboratory Technician,3755,8,3,3,No,0,Low Risk
604,31,Sales,Sales Executive,6582,6,4,4,Yes,1,Low Risk
605,42,Research & Development,Manufacturing Director,7406,10,1,2,Yes,3,High Risk
606,45,Sales,Sales Executive,4805,8,2,4,No,1,Low Risk
611,29,Research & Development,Manufacturing Director,4262,3,4,4,No,0,Low Risk
612,33,Research & Development,Research Director,16184,6,3,3,No,0,Low Risk
613,31,Sales,Manager,11557,5,4,2,No,1,Low Risk
615,40,Sales,Sales Executive,10932,1,1,3,No,2,Medium Risk
616,41,Research & Development,Healthcare Representative,6811,8,3,3,Yes,1,Low Risk
618,26,Sales,Sales Executive,4306,0,3,3,No,1,Low Risk
620,35,Sales,Sales Executive,4859,5,3,3,No,0,Low Risk
621,34,Sales,Sales Executive,5337,10,4,3,No,0,Low Risk
623,37,Research & Development,Manufacturing Director,7491,6,4,4,No,0,Low Risk
624,46,Research & Development,Healthcare Representative,10527,2,3,2,No,1,Low Risk
625,41,Sales,Manager,16595,18,1,3,No,1,Low Risk
626,37,Sales,Sales Executive,8834,9,2,3,No,1,Low Risk
630,52,Research & Development,Research Scientist,5577,10,1,3,Yes,2,Medium Risk
632,24,Sales,Sales Representative,2400,2,4,3,No,1,Low Risk
634,38,Research & Development,Healthcare Representative,9824,1,3,3,No,1,Low Risk
635,37,Research & Development,Manufacturing Director,6447,6,2,2,No,2,Medium Risk
638,49,Research & Development,Research Director,19502,31,3,3,Yes,1,Low Risk
639,24,Research & Development,Research Scientist,2725,6,4,3,Yes,2,Medium Risk
641,26,Sales,Sales Executive,6272,5,2,4,No,1,Low Risk
643,24,Research & Development,Laboratory Technician,2127,1,2,3,No,3,High Risk
644,50,Human Resources,Manager,18200,32,2,3,No,1,Low Risk
645,25,Sales,Sales Representative,2096,7,3,3,No,1,Low Risk
649,34,Research & Development,Research Scientist,3622,6,4,3,Yes,1,Low Risk
652,35,Research & Development,Laboratory Technician,3681,3,4,3,No,0,Low Risk
653,31,Sales,Sales Executive,5460,7,4,4,No,0,Low Risk
655,27,Research & Development,Research Scientist,2187,5,3,2,No,2,Medium Risk
656,37,Sales,Sales Executive,9602,3,3,2,Yes,2,Medium Risk
657,20,Research & Development,Research Scientist,2836,1,2,4,No,3,High Risk
659,42,Research & Development,Healthcare Representative,4089,10,4,3,No,0,Low Risk
661,43,Research & Development,Research Director,16627,1,4,2,Yes,3,High Risk
662,38,Research & Development,Research Scientist,2619,0,1,2,No,4,High Risk
663,43,Research & Development,Laboratory Technician,5679,8,3,3,Yes,1,Low Risk
664,48,Research & Development,Manager,15402,3,1,1,No,2,Medium Risk
665,44,Human Resources,Human Resources,5985,2,3,4,No,0,Low Risk
666,34,Sales,Sales Representative,2579,8,3,3,Yes,2,Medium Risk
669,21,Sales,Sales Representative,3447,3,3,3,No,0,Low Risk
671,44,Research & Development,Manager,19513,2,4,4,Yes,1,Low Risk
675,22,Research & Development,Research Scientist,2773,2,3,3,No,1,Low Risk
677,33,Sales,Sales Executive,7104,5,3,3,No,0,Low Risk
679,32,Research & Development,Research Scientist,6322,6,4,2,Yes,2,Medium Risk
680,30,Research & Development,Research Scientist,2083,1,3,3,No,2,Medium Risk
682,53,Sales,Sales Executive,8381,14,1,4,No,1,Low Risk
683,34,Research & Development,Research Scientist,2691,10,4,2,No,2,Medium Risk
686,26,Research & Development,Laboratory Technician,2659,3,4,3,Yes,2,Medium Risk
689,37,Research & Development,Manufacturing Director,9434,10,3,3,No,0,Low Risk
690,29,Sales,Sales Executive,5561,6,3,2,No,1,Low Risk
691,35,Research & Development,Research Scientist,6646,17,4,3,No,0,Low Risk
692,33,Research & Development,Healthcare Representative,7725,13,4,1,No,1,Low Risk
698,54,Human Resources,Human Resources,10725,9,2,4,No,1,Low Risk
699,36,Research & Development,Manufacturing Director,8847,3,2,3,Yes,2,Medium Risk
700,27,Research & Development,Research Scientist,2045,4,4,3,No,1,Low Risk
704,35,Research & Development,Laboratory Technician,1281,1,3,3,No,2,Medium Risk
705,23,Research & Development,Research Scientist,2819,3,1,4,No,2,Medium Risk
707,25,Sales,Sales Executive,4851,3,2,3,No,1,Low Risk
709,38,Sales,Sales Executive,4028,7,4,3,No,0,Low Risk
710,29,Research & Development,Research Scientist,2720,10,4,3,No,1,Low Risk
712,48,Sales,Sales Executive,8120,2,2,3,No,1,Low Risk
714,27,Sales,Sales Executive,4647,6,4,3,Yes,1,Low Risk
715,37,Research & Development,Research Scientist,4680,1,4,3,No,1,Low Risk
716,50,Research & Development,Laboratory Technician,3221,20,3,3,Yes,1,Low Risk
717,34,Research & Development,Healthcare Representative,8621,8,2,4,No,1,Low Risk
721,39,Research & Development,Healthcare Representative,4553,20,3,3,No,0,Low Risk
722,32,Sales,Sales Executive,5396,10,4,2,No,1,Low Risk
724,38,Research & Development,Healthcare Representative,7625,9,4,2,No,1,Low Risk
725,27,Research & Development,Manufacturing Director,7412,9,1,3,No,1,Low Risk
727,32,Research & Development,Research Director,11159,7,4,3,No,0,Low Risk
728,47,Sales,Sales Executive,4960,7,1,3,No,1,Low Risk
729,40,Sales,Sales Executive,10475,18,1,3,Yes,2,Medium Risk
730,53,Research & Development,Research Director,14814,5,3,3,No,0,Low Risk
731,41,Human Resources,Manager,19141,21,4,2,No,1,Low Risk
732,60,Sales,Sales Executive,5405,2,1,3,No,1,Low Risk
733,27,Research & Development,Manufacturing Director,8793,9,1,2,No,2,Medium Risk
734,41,Human Resources,Manager,19189,22,3,3,No,0,Low Risk
738,50,Sales,Sales Representative,3875,2,2,3,No,1,Low Risk
742,36,Research & Development,Research Director,11713,8,1,3,No,1,Low Risk
743,38,Research & Development,Manufacturing Director,7861,1,3,4,Yes,2,Medium Risk
744,44,Research & Development,Laboratory Technician,3708,5,3,3,No,0,Low Risk
746,47,Sales,Sales Executive,13770,22,3,2,Yes,2,Medium Risk
747,30,Sales,Sales Executive,5304,8,4,2,No,1,Low Risk
749,29,Sales,Sales Representative,2642,1,3,3,No,2,Medium Risk
754,43,Sales,Sales Executive,6804,2,4,3,No,0,Low Risk
757,34,Research & Development,Healthcare Representative,6142,5,3,3,No,0,Low Risk
758,23,Research & Development,Laboratory Technician,2500,4,1,4,No,2,Medium Risk
760,39,Human Resources,Human Resources,6389,8,2,1,No,2,Medium Risk
762,56,Research & Development,Healthcare Representative,11103,10,4,2,No,1,Low Risk
763,40,Research & Development,Research Scientist,2342,4,4,2,Yes,3,High Risk
764,27,Research & Development,Healthcare Representative,6811,7,1,1,No,2,Medium Risk
766,29,Sales,Sales Representative,2297,2,2,3,No,2,Medium Risk
769,53,Research & Development,Laboratory Technician,2450,2,4,3,No,1,Low Risk
771,35,Research & Development,Healthcare Representative,5093,1,1,4,No,2,Medium Risk
772,32,Research & Development,Laboratory Technician,5309,10,4,3,No,0,Low Risk
773,38,Research & Development,Research Scientist,3057,1,3,1,Yes,4,High Risk
775,34,Research & Development,Manufacturing Director,5121,0,1,3,No,2,Medium Risk
776,52,Sales,Manager,16856,34,1,4,No,1,Low Risk
781,25,Sales,Sales Executive,6180,6,4,2,No,1,Low Risk
783,45,Sales,Sales Representative,6632,8,3,3,No,0,Low Risk
784,23,Research & Development,Research Scientist,3505,2,3,3,No,0,Low Risk
786,34,Sales,Sales Executive,6274,6,4,3,No,0,Low Risk
789,36,Sales,Sales Executive,7587,10,1,3,No,1,Low Risk
791,52,Research & Development,Research Scientist,4258,4,4,3,No,0,Low Risk
792,26,Research & Development,Laboratory Technician,4364,2,4,3,No,0,Low Risk
793,29,Research & Development,Healthcare Representative,4335,8,3,2,No,1,Low Risk
797,34,Research & Development,Research Scientist,3280,4,4,3,No,0,Low Risk
799,54,Research & Development,Manufacturing Director,5485,5,1,3,Yes,2,Medium Risk
800,27,Sales,Sales Executive,4342,4,4,3,No,0,Low Risk
802,37,Research & Development,Research Scientist,2782,5,1,2,Yes,4,High Risk
803,38,Research & Development,Manufacturing Director,5980,15,1,3,Yes,2,Medium Risk
804,34,Research & Development,Research Scientist,4381,6,1,3,No,1,Low Risk
805,35,Sales,Sales Representative,2572,3,4,2,No,2,Medium Risk
806,30,Research & Development,Laboratory Technician,3833,2,3,3,No,0,Low Risk
807,40,Research & Development,Healthcare Representative,4244,8,2,3,No,1,Low Risk
808,34,Sales,Sales Executive,6500,3,1,3,No,1,Low Risk
809,42,Research & Development,Manager,18430,24,4,2,No,1,Low Risk
812,24,Research & Development,Laboratory Technician,2694,1,2,3,No,3,High Risk
813,52,Research & Development,Laboratory Technician,3149,5,3,3,No,1,Low Risk
815,50,Research & Development,Research Director,17639,4,3,3,No,0,Low Risk
817,33,Research & Development,Research Director,11691,13,3,4,No,0,Low Risk
820,47,Research & Development,Manager,16752,26,4,2,Yes,2,Medium Risk
823,36,Research & Development,Manufacturing Director,5228,9,2,3,No,1,Low Risk
824,29,Research & Development,Research Scientist,2700,10,3,3,No,1,Low Risk
826,35,Research & Development,Research Scientist,2506,2,3,3,No,1,Low Risk
827,42,Research & Development,Manufacturing Director,6062,4,4,3,Yes,1,Low Risk
829,36,Human Resources,Human Resources,2143,5,2,3,No,2,Medium Risk
830,32,Research & Development,Manufacturing Director,6162,14,3,3,No,0,Low Risk
832,40,Research & Development,Laboratory Technician,5094,1,3,3,No,1,Low Risk
833,30,Research & Development,Manufacturing Director,6877,0,4,2,Yes,3,High Risk
834,45,Research & Development,Research Scientist,2274,1,3,3,No,2,Medium Risk
836,42,Research & Development,Manufacturing Director,4434,9,2,2,No,2,Medium Risk
837,38,Research & Development,Healthcare Representative,6288,4,1,2,No,2,Medium Risk
838,34,Research & Development,Research Scientist,2553,5,4,3,No,1,Low Risk
843,43,Research & Development,Research Director,17159,4,1,3,No,1,Low Risk
844,27,Research & Development,Research Director,12808,9,4,3,Yes,1,Low Risk
845,35,Research & Development,Manufacturing Director,10221,8,3,4,No,0,Low Risk
846,28,Sales,Sales Executive,4779,8,2,3,Yes,2,Medium Risk
847,34,Human Resources,Human Resources,3737,3,4,1,No,1,Low Risk
850,27,Research & Development,Research Scientist,1706,0,4,2,No,3,High Risk
851,51,Sales,Manager,16307,20,3,2,No,1,Low Risk
852,44,Research & Development,Healthcare Representative,5933,5,2,2,No,2,Medium Risk
854,25,Research & Development,Research Scientist,3424,4,1,2,No,2,Medium Risk
855,33,Sales,Sales Executive,4037,9,1,3,No,1,Low Risk
856,35,Research & Development,Research Scientist,2559,6,1,2,No,3,High Risk
857,36,Sales,Sales Executive,6201,18,4,2,Yes,2,Medium Risk
859,32,Sales,Sales Executive,4403,5,4,2,No,1,Low Risk
861,30,Research & Development,Research Scientist,3761,5,4,2,No,1,Low Risk
862,53,Sales,Sales Executive,10934,5,4,3,Yes,1,Low Risk
864,45,Sales,Sales Executive,10761,5,1,3,Yes,2,Medium Risk
865,32,Research & Development,Research Scientist,5175,5,3,2,No,1,Low Risk
867,52,Research & Development,Manufacturing Director,13826,9,4,3,No,0,Low Risk
868,37,Sales,Sales Executive,6334,1,3,3,No,1,Low Risk
869,28,Human Resources,Human Resources,4936,5,4,3,No,0,Low Risk
872,22,Research & Development,Manufacturing Director,4775,2,4,1,No,1,Low Risk
874,44,Research & Development,Laboratory Technician,2818,3,4,2,Yes,3,High Risk
875,42,Research & Development,Research Scientist,2515,2,4,3,Yes,2,Medium Risk
878,36,Human Resources,Human Resources,2342,5,1,3,No,2,Medium Risk
879,25,Sales,Sales Executive,4194,5,1,3,Yes,2,Medium Risk
880,35,Research & Development,Manufacturing Director,10685,17,3,3,Yes,1,Low Risk
882,32,Research & Development,Laboratory Technician,2314,3,4,3,No,1,Low Risk
885,25,Sales,Sales Executive,4256,5,1,4,No,1,Low Risk
887,49,Research & Development,Research Scientist,3580,4,1,3,No,1,Low Risk
888,24,Research & Development,Laboratory Technician,3162,5,4,2,No,2,Medium Risk
889,32,Sales,Sales Executive,6524,10,2,3,No,1,Low Risk
893,38,Sales,Sales Representative,2899,2,2,3,No,2,Medium Risk
894,42,Research & Development,Laboratory Technician,5231,5,4,2,Yes,2,Medium Risk
895,31,Research & Development,Research Scientist,2356,6,4,3,Yes,2,Medium Risk
897,53,Sales,Sales Executive,11836,2,4,3,No,0,Low Risk
899,35,Research & Development,Manufacturing Director,10903,13,2,3,No,1,Low Risk
900,37,Sales,Sales Representative,2973,5,4,3,No,1,Low Risk
901,53,Research & Development,Research Director,14275,12,4,3,No,0,Low Risk
902,43,Research & Development,Healthcare Representative,5562,5,4,2,No,1,Low Risk
903,47,Sales,Sales Executive,4537,7,4,3,Yes,1,Low Risk
904,37,Sales,Sales Executive,7642,10,2,3,Yes,2,Medium Risk
905,50,Research & Development,Manager,17924,31,1,3,No,1,Low Risk
909,39,Human Resources,Human Resources,5204,5,4,3,No,0,Low Risk
910,33,Human Resources,Human Resources,2277,4,2,4,Yes,3,High Risk
912,29,Research & Development,Laboratory Technician,2532,4,4,3,No,1,Low Risk
913,44,Research & Development,Research Scientist,2559,8,1,3,Yes,3,High Risk
916,28,Sales,Sales Executive,4908,4,4,3,No,0,Low Risk
920,43,Research & Development,Manufacturing Director,4765,1,2,4,No,2,Medium Risk
924,36,Research & Development,Healthcare Representative,6586,16,4,2,Yes,2,Medium Risk
925,47,Sales,Sales Representative,3294,3,4,2,Yes,2,Medium Risk
930,28,Research & Development,Research Scientist,2377,2,3,3,No,1,Low Risk
933,27,Research & Development,Research Scientist,2318,1,3,3,No,2,Medium Risk
934,34,Research & Development,Laboratory Technician,2008,1,2,3,No,3,High Risk
936,42,Sales,Sales Executive,6244,5,3,3,No,0,Low Risk
939,33,Research & Development,Research Scientist,2799,3,1,3,Yes,3,High Risk
940,58,Research & Development,Healthcare Representative,10552,6,2,3,Yes,2,Medium Risk
941,31,Sales,Sales Representative,2329,7,3,4,No,1,Low Risk
942,35,Research & Development,Healthcare Representative,4014,10,4,1,Yes,2,Medium Risk
944,49,Research & Development,Laboratory Technician,7403,26,2,2,No,2,Medium Risk
945,48,Research & Development,Research Scientist,2259,0,3,2,No,3,High Risk
947,31,Sales,Sales Executive,6932,9,3,2,No,1,Low Risk
949,36,Research & Development,Research Scientist,4678,6,4,3,No,0,Low Risk
950,38,Research & Development,Research Director,13582,15,1,3,No,1,Low Risk
951,32,Research & Development,Laboratory Technician,2332,3,2,3,No,2,Medium Risk
954,40,Sales,Sales Executive,9705,1,2,2,No,3,High Risk
956,26,Sales,Sales Executive,4294,7,1,3,No,1,Low Risk
957,41,Research & Development,Laboratory Technician,4721,18,1,3,Yes,2,Medium Risk
958,36,Research & Development,Laboratory Technician,2519,11,3,3,No,1,Low Risk
961,31,Research & Development,Healthcare Representative,5855,9,4,1,Yes,2,Medium Risk
964,40,Research & Development,Research Scientist,3617,1,2,3,Yes,3,High Risk
966,32,Research & Development,Manufacturing Director,6725,8,1,4,No,1,Low Risk
969,33,Research & Development,Healthcare Representative,6949,5,4,3,No,0,Low Risk
972,45,Research & Development,Laboratory Technician,4447,9,2,2,No,2,Medium Risk
974,29,Sales,Sales Representative,2157,3,4,3,No,1,Low Risk
975,35,Sales,Sales Executive,4601,5,3,3,No,0,Low Risk
976,52,Research & Development,Manager,17099,9,4,2,No,1,Low Risk
981,53,Sales,Manager,14852,17,3,4,No,0,Low Risk
982,30,Sales,Sales Executive,7264,8,3,4,No,0,Low Risk
983,38,Sales,Sales Executive,5666,5,4,3,Yes,1,Low Risk
984,35,Sales,Sales Executive,7823,10,4,3,No,0,Low Risk
985,39,Sales,Sales Executive,7880,8,3,3,No,0,Low Risk
987,47,Research & Development,Manufacturing Director,5067,19,3,4,Yes,1,Low Risk
990,36,Sales,Sales Executive,5079,7,4,3,No,0,Low Risk
992,33,Sales,Manager,17444,10,3,3,No,0,Low Risk
995,33,Research & Development,Research Scientist,3452,3,4,3,No,0,Low Risk
996,45,Research & Development,Laboratory Technician,2270,5,4,3,No,1,Low Risk
997,50,Research & Development,Research Director,17399,5,4,2,No,1,Low Risk
998,33,Research & Development,Healthcare Representative,5488,6,2,3,Yes,2,Medium Risk
999,41,Research & Development,Research Director,19419,18,3,4,No,0,Low Risk
1001,27,Research & Development,Laboratory Technician,2811,2,2,3,No,2,Medium Risk
1002,45,Research & Development,Laboratory Technician,3633,9,1,3,Yes,2,Medium Risk
1003,47,Sales,Sales Executive,4163,9,4,3,Yes,1,Low Risk
1005,50,Research & Development,Manufacturing Director,13973,12,3,3,Yes,1,Low Risk
1006,38,Research & Development,Research Scientist,2684,2,3,2,No,2,Medium Risk
1007,46,Research & Development,Manufacturing Director,10845,8,3,3,No,0,Low Risk
1009,24,Research & Development,Manufacturing Director,4377,4,3,3,No,0,Low Risk
1011,31,Research & Development,Manufacturing Director,4148,4,1,3,No,1,Low Risk
1012,18,Research & Development,Research Scientist,1051,0,4,3,No,2,Medium Risk
1013,54,Research & Development,Manufacturing Director,10739,10,3,3,No,0,Low Risk
1014,35,Research & Development,Healthcare Representative,10388,16,3,2,Yes,2,Medium Risk
1015,30,Research & Development,Research Director,11416,8,1,2,Yes,3,High Risk
1018,26,Research & Development,Manufacturing Director,5472,8,4,3,No,0,Low Risk
1019,22,Research & Development,Laboratory Technician,2451,4,1,2,No,3,High Risk
1022,48,Research & Development,Healthcare Representative,4240,2,3,3,No,0,Low Risk
1024,48,Research & Development,Healthcare Representative,10999,15,3,3,No,0,Low Risk
1025,41,Research & Development,Manufacturing Director,5003,2,3,3,No,0,Low Risk
1026,39,Research & Development,Manufacturing Director,12742,21,4,3,No,0,Low Risk
1027,27,Research & Development,Manufacturing Director,4227,3,4,3,No,0,Low Risk
1028,35,Research & Development,Laboratory Technician,3917,3,4,2,No,1,Low Risk
1029,42,Sales,Manager,18303,1,3,4,No,1,Low Risk
1030,50,Research & Development,Laboratory Technician,2380,1,4,3,No,2,Medium Risk
1032,59,Research & Development,Manufacturing Director,13726,5,4,3,Yes,1,Low Risk
1034,55,Research & Development,Healthcare Representative,6385,8,2,3,Yes,2,Medium Risk
1035,41,Research & Development,Research Director,19973,21,3,3,No,0,Low Risk
1036,38,Sales,Sales Executive,6861,1,4,3,Yes,2,Medium Risk
1039,44,Sales,Sales Executive,13320,12,4,3,Yes,1,Low Risk
1040,50,Sales,Sales Executive,6347,18,3,3,No,0,Low Risk
1043,39,Research & Development,Manufacturing Director,10880,21,1,3,Yes,2,Medium Risk
1044,33,Sales,Sales Representative,2342,2,4,2,No,2,Medium Risk
1045,45,Sales,Manager,17650,9,4,4,No,0,Low Risk
1046,32,Research & Development,Laboratory Technician,4025,8,3,3,No,0,Low Risk
1047,34,Sales,Sales Executive,9725,15,4,2,No,1,Low Risk
1048,59,Sales,Manager,11904,6,4,1,Yes,2,Medium Risk
1049,45,Human Resources,Human Resources,2177,6,2,3,No,2,Medium Risk
1050,53,Sales,Sales Executive,7525,15,2,3,No,1,Low Risk
1055,34,Sales,Sales Representative,2220,1,3,3,Yes,3,High Risk
1056,28,Sales,Sales Representative,1052,1,2,3,No,3,High Risk
1060,38,Research & Development,Research Scientist,2821,2,3,3,No,1,Low Risk
1061,50,Research & Development,Research Director,19237,8,3,2,Yes,2,Medium Risk
1062,37,Research & Development,Healthcare Representative,4107,4,2,2,No,2,Medium Risk
1066,40,Sales,Sales Executive,8396,7,1,2,No,2,Medium Risk
1068,26,Research & Development,Research Scientist,2007,5,3,3,No,1,Low Risk
1069,46,Research & Development,Research Director,19627,2,4,3,No,0,Low Risk
1070,54,Sales,Sales Executive,10686,9,3,3,No,0,Low Risk
1071,56,Research & Development,Research Scientist,2942,5,3,3,No,1,Low Risk
1073,36,Research & Development,Manufacturing Director,8858,14,4,2,No,1,Low Risk
1074,55,Research & Development,Manager,16756,9,1,4,No,1,Low Risk
1076,43,Sales,Sales Executive,10798,1,4,3,No,1,Low Risk
1080,46,Research & Development,Research Scientist,4615,16,1,3,Yes,2,Medium Risk
1083,26,Research & Development,Laboratory Technician,3955,5,1,3,No,1,Low Risk
1084,30,Research & Development,Manufacturing Director,9957,6,1,2,No,2,Medium Risk
1085,41,Research & Development,Research Scientist,3376,10,3,3,No,0,Low Risk
1088,38,Research & Development,Healthcare Representative,8823,19,3,2,No,1,Low Risk
1092,40,Research & Development,Healthcare Representative,10322,11,4,3,No,0,Low Risk
1094,27,Research & Development,Laboratory Technician,4621,3,3,3,No,0,Low Risk
1096,55,Research & Development,Manufacturing Director,10976,3,2,3,No,1,Low Risk
1097,28,Research & Development,Research Scientist,3660,8,3,4,No,0,Low Risk
1099,33,Research & Development,Healthcare Representative,7119,3,4,3,No,0,Low Risk
1102,28,Research & Development,Laboratory Technician,2207,4,3,2,No,2,Medium Risk
1103,34,Research & Development,Healthcare Representative,7756,6,4,2,No,1,Low Risk
1105,37,Sales,Sales Executive,6694,1,4,3,Yes,2,Medium Risk
1109,42,Research & Development,Manager,17665,22,1,3,No,1,Low Risk
1114,33,Sales,Sales Executive,4302,3,2,3,No,1,Low Risk
1115,34,Research & Development,Research Scientist,2979,0,4,3,No,2,Medium Risk
1116,48,Research & Development,Manager,16885,5,4,2,No,1,Low Risk
1117,45,Sales,Sales Executive,5593,15,3,3,No,0,Low Risk
1118,52,Research & Development,Healthcare Representative,10445,8,2,3,No,1,Low Risk
1119,38,Sales,Sales Executive,8740,8,3,3,Yes,1,Low Risk
1120,29,Research & Development,Research Scientist,2514,7,4,3,No,1,Low Risk
1121,28,Research & Development,Manufacturing Director,7655,9,2,2,No,2,Medium Risk
1124,46,Sales,Manager,17465,12,3,3,No,0,Low Risk
1125,38,Sales,Sales Executive,7351,1,2,3,No,2,Medium Risk
1126,43,Research & Development,Manufacturing Director,10820,8,1,3,No,1,Low Risk
1128,40,Research & Development,Research Director,19626,20,3,4,No,0,Low Risk
1131,21,Research & Development,Research Scientist,2070,2,2,4,Yes,3,High Risk
1132,39,Research & Development,Laboratory Technician,6782,5,2,2,No,2,Medium Risk
1133,36,Research & Development,Manufacturing Director,7779,11,4,3,No,0,Low Risk
1135,31,Sales,Sales Representative,2791,2,4,3,No,1,Low Risk
1136,28,Research & Development,Research Scientist,3201,5,2,1,No,3,High Risk
1137,35,Sales,Sales Executive,4968,5,4,3,No,0,Low Risk
1138,49,Sales,Sales Executive,13120,9,2,3,No,1,Low Risk
1140,34,Research & Development,Manufacturing Director,4033,3,3,2,No,1,Low Risk
1143,29,Research & Development,Research Scientist,3291,7,2,2,No,2,Medium Risk
1148,42,Research & Development,Laboratory Technician,4272,1,4,3,No,1,Low Risk
1150,29,Research & Development,Manufacturing Director,5056,10,4,2,Yes,2,Medium Risk
1152,38,Human Resources,Human Resources,2844,7,3,4,No,1,Low Risk
1154,28,Research & Development,Research Scientist,2703,3,3,3,Yes,2,Medium Risk
1158,41,Research & Development,Laboratory Technician,4766,1,4,3,Yes,2,Medium Risk
1161,37,Research & Development,Healthcare Representative,5731,6,4,3,No,0,Low Risk
1162,27,Research & Development,Research Scientist,2539,4,3,3,No,1,Low Risk
1163,34,Sales,Sales Executive,5714,6,3,2,No,1,Low Risk
1164,35,Human Resources,Human Resources,4323,5,3,1,No,1,Low Risk
1166,40,Research & Development,Research Director,13499,18,3,2,No,1,Low Risk
1171,42,Sales,Sales Executive,5155,6,1,4,No,1,Low Risk
1172,35,Research & Development,Laboratory Technician,2258,8,3,3,No,1,Low Risk
1173,24,Research & Development,Laboratory Technician,3597,4,2,3,No,1,Low Risk
1177,26,Research & Development,Laboratory Technician,4420,8,4,3,No,0,Low Risk
1179,30,Sales,Sales Executive,6578,10,3,3,No,0,Low Risk
1180,40,Research & Development,Research Scientist,4422,1,4,1,Yes,3,High Risk
1182,35,Research & Development,Manufacturing Director,10274,7,2,4,No,1,Low Risk
1184,34,Research & Development,Healthcare Representative,5343,13,1,3,No,1,Low Risk
1185,35,Research & Development,Laboratory Technician,2376,2,4,4,No,1,Low Risk
1190,32,Sales,Sales Representative,2827,1,1,3,No,3,High Risk
1191,56,Research & Development,Manager,19943,5,1,3,No,1,Low Risk
1192,29,Research & Development,Laboratory Technician,3131,10,4,3,No,1,Low Risk
1193,19,Research & Development,Research Scientist,2552,1,1,3,No,3,High Risk
1195,45,Research & Development,Research Scientist,4477,3,3,2,Yes,2,Medium Risk
1196,37,Research & Development,Manufacturing Director,6474,14,4,2,No,1,Low Risk
1198,20,Research & Development,Laboratory Technician,3033,2,3,2,No,2,Medium Risk
1201,53,Research & Development,Manager,18606,7,3,3,No,0,Low Risk
1202,29,Research & Development,Research Scientist,2168,5,4,2,Yes,3,High Risk
1204,46,Sales,Manager,17048,26,1,3,No,1,Low Risk
1206,44,Research & Development,Research Scientist,2290,0,3,3,No,2,Medium Risk
1207,33,Human Resources,Human Resources,3600,5,3,3,No,0,Low Risk
1211,30,Sales,Sales Executive,4115,4,1,3,No,1,Low Risk
1212,40,Sales,Sales Executive,4327,0,2,3,No,2,Medium Risk
1215,50,Research & Development,Manager,17856,2,1,3,No,1,Low Risk
1216,28,Research & Development,Laboratory Technician,3196,6,1,3,No,2,Medium Risk
1217,46,Research & Development,Research Director,19081,4,2,3,No,1,Low Risk
1218,35,Sales,Sales Executive,8966,7,1,3,Yes,2,Medium Risk
1220,33,Sales,Sales Executive,4539,10,3,2,No,1,Low Risk
1221,36,Research & Development,Laboratory Technician,2741,7,3,3,No,1,Low Risk
1224,30,Research & Development,Laboratory Technician,3491,10,3,2,No,1,Low Risk
1225,44,Research & Development,Research Scientist,4541,20,4,3,No,0,Low Risk
1226,20,Sales,Sales Representative,2678,2,4,3,No,1,Low Risk
1228,46,Research & Development,Manufacturing Director,7379,6,4,2,No,1,Low Risk
1231,42,Human Resources,Human Resources,6272,4,1,4,No,1,Low Risk
1233,60,Sales,Sales Executive,5220,11,4,3,Yes,1,Low Risk
1234,32,Research & Development,Laboratory Technician,2743,2,2,3,No,2,Medium Risk
1235,32,Research & Development,Research Scientist,4998,8,3,3,Yes,1,Low Risk
1237,36,Research & Development,Manufacturing Director,10252,7,1,3,Yes,2,Medium Risk
1238,33,Research & Development,Research Scientist,2781,14,4,3,No,1,Low Risk
1239,40,Sales,Sales Executive,6852,5,2,4,No,1,Low Risk
1240,25,Sales,Sales Executive,4950,4,4,3,No,0,Low Risk
1241,30,Research & Development,Research Scientist,3579,11,2,3,Yes,2,Medium Risk
1242,42,Research & Development,Research Director,13191,1,1,3,Yes,3,High Risk
1243,35,Sales,Sales Executive,10377,13,4,2,Yes,2,Medium Risk
1244,27,Research & Development,Research Scientist,2235,9,1,2,Yes,4,High Risk
1245,54,Research & Development,Manufacturing Director,10502,5,3,1,No,1,Low Risk
1246,44,Research & Development,Research Scientist,2011,10,4,3,No,1,Low Risk
1249,29,Research & Development,Research Scientist,3760,3,4,3,No,0,Low Risk
1250,54,Research & Development,Research Director,17779,10,4,3,No,0,Low Risk
1251,31,Research & Development,Healthcare Representative,6833,6,1,2,Yes,3,High Risk
1252,31,Research & Development,Healthcare Representative,6812,10,1,3,No,1,Low Risk
1254,59,Sales,Sales Executive,5171,6,4,3,No,0,Low Risk
1255,43,Research & Development,Research Director,19740,8,4,3,No,0,Low Risk
1256,49,Research & Development,Manager,18711,1,3,4,No,1,Low Risk
1257,36,Research & Development,Research Scientist,3692,11,2,2,No,2,Medium Risk
1258,48,Research & Development,Laboratory Technician,2559,1,2,2,No,4,High Risk
1259,27,Research & Development,Research Scientist,2517,5,3,3,No,1,Low Risk
1260,29,Research & Development,Healthcare Representative,6623,6,4,3,Yes,1,Low Risk
1263,48,Research & Development,Research Director,18265,1,4,4,No,1,Low Risk
1264,29,Research & Development,Research Director,16124,7,4,2,No,1,Low Risk
1265,34,Research & Development,Research Scientist,2585,1,3,2,No,3,High Risk
1267,44,Sales,Manager,18213,22,2,3,No,1,Low Risk
1268,33,Sales,Sales Executive,8380,9,3,3,Yes,1,Low Risk
1269,19,Research & Development,Research Scientist,2994,1,4,3,Yes,3,High Risk
1270,23,Research & Development,Research Scientist,1223,1,3,3,No,2,Medium Risk
1275,26,Research & Development,Research Scientist,2875,8,4,2,Yes,3,High Risk
1278,55,Research & Development,Healthcare Representative,13577,33,2,3,Yes,2,Medium Risk
1280,46,Sales,Manager,18789,11,2,3,No,1,Low Risk
1281,34,Sales,Sales Executive,4538,3,1,3,Yes,2,Medium Risk
1282,51,Sales,Manager,19847,29,2,2,Yes,3,High Risk
1283,59,Research & Development,Manufacturing Director,10512,9,4,2,No,1,Low Risk
1285,34,Research & Development,Laboratory Technician,4444,11,2,4,No,1,Low Risk
1286,28,Research & Development,Laboratory Technician,2154,4,3,2,Yes,3,High Risk
1288,44,Research & Development,Manager,19190,25,1,2,No,2,Medium Risk
1289,34,Human Resources,Human Resources,4490,10,2,4,No,1,Low Risk
1291,35,Research & Development,Research Scientist,3506,3,3,3,Yes,1,Low Risk
1292,42,Research & Development,Research Scientist,2372,1,2,3,Yes,4,High Risk
1293,43,Sales,Sales Executive,10231,21,4,4,No,0,Low Risk
1294,36,Research & Development,Manufacturing Director,5410,16,2,3,Yes,2,Medium Risk
1296,28,Research & Development,Laboratory Technician,3867,2,4,3,Yes,1,Low Risk
1297,51,Research & Development,Laboratory Technician,2838,7,3,2,No,2,Medium Risk
1298,30,Research & Development,Manufacturing Director,4695,8,3,3,Yes,1,Low Risk
1301,28,Research & Development,Research Scientist,2080,3,1,2,No,3,High Risk
1303,25,Research & Development,Research Scientist,2096,2,2,2,No,3,High Risk
1304,32,Sales,Sales Executive,6209,10,4,4,No,0,Low Risk
1306,45,Research & Development,Manager,18061,0,2,3,No,2,Medium Risk
1307,39,Research & Development,Manager,17123,19,2,3,Yes,2,Medium Risk
1308,58,Research & Development,Research Scientist,2372,2,3,3,No,1,Low Risk
1311,30,Research & Development,Laboratory Technician,4627,9,4,3,No,0,Low Risk
1312,36,Research & Development,Healthcare Representative,7094,7,3,3,No,0,Low Risk
1314,46,Human Resources,Human Resources,3423,7,1,4,No,1,Low Risk
1315,28,Research & Development,Laboratory Technician,6674,9,4,3,No,0,Low Risk
1317,50,Research & Development,Research Director,16880,3,1,3,Yes,2,Medium Risk
1321,30,Research & Development,Manager,11916,9,1,3,Yes,2,Medium Risk
1322,39,Research & Development,Manufacturing Director,4534,8,3,3,No,0,Low Risk
1324,31,Sales,Sales Executive,9852,10,3,2,Yes,2,Medium Risk
1329,41,Sales,Sales Executive,6151,19,2,3,No,1,Low Risk
1334,42,Research & Development,Manager,17861,20,3,2,Yes,2,Medium Risk
1336,55,Research & Development,Manager,19187,19,3,3,No,0,Low Risk
1338,56,Human Resources,Manager,19717,7,2,3,No,1,Low Risk
1340,40,Research & Development,Research Scientist,3544,4,3,3,No,0,Low Risk
1344,34,Research & Development,Healthcare Representative,8500,9,4,2,No,1,Low Risk
1346,40,Research & Development,Research Scientist,4661,9,4,3,No,0,Low Risk
1349,41,Sales,Sales Executive,4103,9,1,3,No,1,Low Risk
1350,35,Research & Development,Research Scientist,4249,9,3,3,Yes,1,Low Risk
1352,51,Human Resources,Manager,14026,33,2,3,Yes,2,Medium Risk
1355,38,Sales,Sales Executive,6893,7,1,3,No,1,Low Risk
1356,34,Sales,Sales Executive,6125,10,1,4,No,1,Low Risk
1358,25,Research & Development,Laboratory Technician,3669,3,4,2,No,1,Low Risk
1361,40,Research & Development,Laboratory Technician,2387,4,2,3,No,2,Medium Risk
1362,36,Sales,Sales Executive,4639,15,1,2,No,2,Medium Risk
1363,48,Research & Development,Manufacturing Director,7898,10,4,3,No,0,Low Risk
1364,27,Sales,Sales Representative,2534,1,4,3,No,2,Medium Risk
1367,51,Research & Development,Manufacturing Director,13142,5,2,2,No,2,Medium Risk
1368,18,Research & Development,Laboratory Technician,1611,0,4,4,No,2,Medium Risk
1369,35,Research & Development,Laboratory Technician,5363,9,4,3,No,0,Low Risk
1371,27,Sales,Sales Executive,5071,6,4,3,No,0,Low Risk
1373,56,Research & Development,Manufacturing Director,13402,19,2,3,Yes,2,Medium Risk
1374,34,Research & Development,Research Scientist,2029,5,3,3,No,1,Low Risk
1375,40,Research & Development,Healthcare Representative,6377,12,3,3,No,0,Low Risk
1377,34,Research & Development,Laboratory Technician,5429,8,3,3,No,0,Low Risk
1382,38,Research & Development,Research Scientist,2610,4,3,3,No,1,Low Risk
1383,34,Research & Development,Healthcare Representative,6687,14,4,4,No,0,Low Risk
1387,28,Sales,Sales Executive,4724,5,1,3,No,1,Low Risk
1390,39,Sales,Sales Executive,6120,5,4,4,Yes,1,Low Risk
1391,51,Sales,Sales Executive,10596,4,2,3,No,1,Low Risk
1392,41,Research & Development,Research Scientist,5467,6,4,2,Yes,2,Medium Risk
1394,37,Research & Development,Research Scientist,2996,6,3,3,Yes,2,Medium Risk
1395,33,Sales,Sales Executive,9998,5,4,4,No,0,Low Risk
1396,32,Sales,Sales Executive,4078,3,2,2,Yes,3,High Risk
1397,39,Research & Development,Healthcare Representative,10920,6,3,3,No,0,Low Risk
1399,25,Sales,Sales Executive,6232,3,3,2,No,1,Low Risk
1401,52,Research & Development,Manufacturing Director,13247,5,3,2,Yes,2,Medium Risk
1402,43,Research & Development,Research Scientist,4081,20,3,1,Yes,2,Medium Risk
1403,27,Sales,Sales Executive,5769,6,4,3,Yes,1,Low Risk
1407,26,Research & Development,Research Scientist,3904,4,4,3,No,0,Low Risk
1408,42,Human Resources,Manager,16799,20,1,3,No,1,Low Risk
1409,52,Research & Development,Laboratory Technician,2950,5,1,1,No,3,High Risk
1411,37,Research & Development,Laboratory Technician,3629,3,3,3,No,0,Low Risk
1412,35,Research & Development,Manufacturing Director,9362,2,4,3,No,0,Low Risk
1415,25,Research & Development,Laboratory Technician,3229,3,4,2,No,1,Low Risk
1417,26,Research & Development,Laboratory Technician,3578,7,1,3,No,1,Low Risk
1419,29,Human Resources,Human Resources,7988,10,1,2,No,2,Medium Risk
1422,54,Research & Development,Research Director,17328,20,4,2,No,1,Low Risk
1423,58,Research & Development,Research Director,19701,9,1,3,Yes,2,Medium Risk
1424,55,Research & Development,Research Director,14732,7,4,4,No,0,Low Risk
1425,36,Sales,Sales Executive,9278,5,2,3,Yes,2,Medium Risk
1428,30,Sales,Sales Executive,4779,3,1,3,No,1,Low Risk
1430,31,Research & Development,Research Director,16422,3,2,4,No,1,Low Risk
1431,34,Research & Development,Research Scientist,2996,4,1,3,No,2,Medium Risk
1434,27,Research & Development,Laboratory Technician,2099,5,1,4,No,2,Medium Risk
1435,36,Research & Development,Laboratory Technician,5810,10,4,2,No,1,Low Risk
1436,36,Sales,Sales Executive,5647,3,1,2,No,2,Medium Risk
1438,47,Research & Development,Research Scientist,3420,6,4,2,No,1,Low Risk
1440,37,Research & Development,Laboratory Technician,3500,6,3,1,No,1,Low Risk
1441,56,Research & Development,Research Scientist,2066,3,1,4,No,2,Medium Risk
1443,47,Research & Development,Research Director,17169,20,3,4,No,0,Low Risk
1445,24,Sales,Sales Executive,4162,5,3,3,Yes,1,Low Risk
1446,32,Sales,Sales Executive,9204,4,4,2,No,1,Low Risk
1447,34,Research & Development,Laboratory Technician,3294,5,2,2,No,2,Medium Risk
1448,41,Research & Development,Research Scientist,2127,4,3,2,Yes,3,High Risk
1449,40,Research & Development,Laboratory Technician,3975,8,3,4,No,0,Low Risk
1453,31,Sales,Sales Executive,10793,13,4,3,No,0,Low Risk
1460,45,Research & Development,Healthcare Representative,10851,7,1,3,Yes,2,Medium Risk
1461,31,Human Resources,Human Resources,2109,3,2,3,No,2,Medium Risk
1465,45,Research & Development,Manufacturing Director,9380,3,4,4,Yes,1,Low Risk
1466,48,Sales,Sales Executive,5486,2,1,3,No,1,Low Risk
1468,40,Research & Development,Research Director,13757,9,2,3,No,1,Low Risk
1469,28,Sales,Sales Executive,8463,5,1,3,No,1,Low Risk
1471,44,Research & Development,Laboratory Technician,3162,5,3,3,No,1,Low Risk
1472,53,Research & Development,Research Director,16598,9,2,2,No,2,Medium Risk
1473,49,Research & Development,Healthcare Representative,6651,3,3,2,No,1,Low Risk
1474,40,Research & Development,Research Scientist,2345,3,3,4,No,1,Low Risk
1475,44,Research & Development,Research Scientist,3420,5,2,2,No,2,Medium Risk
1477,33,Sales,Sales Executive,4373,4,1,3,No,1,Low Risk
1478,34,Sales,Sales Executive,4759,13,1,3,No,1,Low Risk
1479,30,Sales,Sales Executive,5301,2,3,2,No,1,Low Risk
1480,42,Research & Development,Laboratory Technician,3673,12,4,3,No,0,Low Risk
1481,44,Sales,Sales Executive,4768,1,3,2,No,2,Medium Risk
1482,30,Research & Development,Research Scientist,1274,1,3,2,No,3,High Risk
1483,57,Research & Development,Research Scientist,4900,12,3,2,No,1,Low Risk
1484,49,Research & Development,Healthcare Representative,10466,8,2,3,No,1,Low Risk
1485,34,Research & Development,Research Director,17007,14,1,2,No,2,Medium Risk
1492,35,Sales,Sales Representative,2404,1,3,3,No,2,Medium Risk
1495,24,Sales,Sales Representative,2033,1,2,3,No,3,High Risk
1496,44,Research & Development,Manufacturing Director,10209,2,3,2,Yes,2,Medium Risk
1497,29,Sales,Sales Executive,8620,10,3,3,No,0,Low Risk
1499,30,Human Resources,Human Resources,2064,5,3,4,No,1,Low Risk
1501,55,Research & Development,Healthcare Representative,4035,3,3,3,Yes,1,Low Risk
1502,33,Research & Development,Laboratory Technician,3838,5,2,3,No,1,Low Risk
1503,47,Sales,Sales Executive,4591,5,3,2,Yes,2,Medium Risk
1506,28,Research & Development,Research Scientist,1563,1,3,1,No,3,High Risk
1507,28,Sales,Sales Executive,4898,4,1,3,No,1,Low Risk
1509,49,Research & Development,Laboratory Technician,4789,3,1,3,No,1,Low Risk
1513,29,Research & Development,Laboratory Technician,3180,3,2,3,No,2,Medium Risk
1514,28,Research & Development,Manufacturing Director,6549,8,2,2,No,2,Medium Risk
1515,33,Research & Development,Healthcare Representative,6388,0,3,3,Yes,2,Medium Risk
1516,32,Research & Development,Manager,11244,5,4,4,No,0,Low Risk
1520,54,Research & Development,Manager,16032,14,4,3,No,0,Low Risk
1523,44,Research & Development,Research Director,16328,20,1,4,No,1,Low Risk
1525,39,Research & Development,Manufacturing Director,8376,2,2,3,No,1,Low Risk
1527,46,Sales,Manager,16606,13,2,4,No,1,Low Risk
1529,35,Research & Development,Healthcare Representative,8606,11,2,1,No,2,Medium Risk
1533,23,Research & Development,Laboratory Technician,2272,4,3,3,No,1,Low Risk
1535,34,Sales,Sales Executive,7083,10,3,3,Yes,1,Low Risk
1539,50,Research & Development,Research Director,14411,32,4,3,Yes,1,Low Risk
1541,34,Sales,Sales Representative,2308,11,3,3,Yes,2,Medium Risk
1542,42,Research & Development,Laboratory Technician,4841,1,2,3,No,2,Medium Risk
1543,37,Research & Development,Research Scientist,4285,10,4,3,No,0,Low Risk
1544,29,Research & Development,Healthcare Representative,9715,7,1,3,No,1,Low Risk
1545,33,Research & Development,Manufacturing Director,4320,5,2,3,No,1,Low Risk
1546,45,Research & Development,Research Scientist,2132,5,4,3,No,1,Low Risk
1547,42,Research & Development,Healthcare Representative,10124,20,4,1,Yes,2,Medium Risk
1548,40,Sales,Sales Executive,5473,8,1,4,No,1,Low Risk
1549,33,Research & Development,Laboratory Technician,5207,15,3,3,Yes,1,Low Risk
1550,40,Human Resources,Manager,16437,21,4,3,Yes,1,Low Risk
1551,24,Research & Development,Laboratory Technician,2296,1,1,3,No,3,High Risk
1552,40,Research & Development,Healthcare Representative,4069,2,4,3,Yes,1,Low Risk
1553,45,Research & Development,Healthcare Representative,7441,10,2,3,No,1,Low Risk
1554,35,Sales,Sales Representative,2430,5,3,3,No,1,Low Risk
1555,32,Research & Development,Research Scientist,5878,7,2,3,No,1,Low Risk
1556,36,Sales,Sales Representative,2644,3,4,2,Yes,3,High Risk
1557,48,Sales,Sales Executive,6439,8,3,3,No,0,Low Risk
1558,29,Research & Development,Research Scientist,2451,1,3,2,No,3,High Risk
1560,33,Sales,Sales Executive,6392,2,1,1,No,2,Medium Risk
1563,38,Human Resources,Human Resources,6077,6,3,3,No,0,Low Risk
1564,35,Research & Development,Laboratory Technician,2450,3,1,3,No,2,Medium Risk
1568,30,Sales,Sales Executive,9250,4,2,3,No,1,Low Risk
1574,32,Research & Development,Research Scientist,4087,6,1,2,No,2,Medium Risk
1576,48,Research & Development,Research Scientist,2367,8,1,2,No,3,High Risk
1577,34,Research & Development,Research Scientist,2972,1,4,1,No,3,High Risk
1578,55,Sales,Manager,19586,36,4,3,No,0,Low Risk
1580,34,Research & Development,Research Scientist,5484,2,4,2,No,1,Low Risk
1581,26,Research & Development,Research Scientist,2061,1,4,3,No,2,Medium Risk
1582,38,Sales,Sales Executive,9924,9,2,3,No,1,Low Risk
1583,38,Sales,Sales Executive,4198,3,2,4,No,1,Low Risk
1585,36,Sales,Sales Executive,6815,1,3,3,No,1,Low Risk
1586,29,Research & Development,Laboratory Technician,4723,10,1,3,Yes,2,Medium Risk
1587,35,Research & Development,Healthcare Representative,6142,5,3,3,Yes,1,Low Risk
1588,39,Sales,Sales Executive,8237,7,3,3,No,0,Low Risk
1590,29,Research & Development,Healthcare Representative,8853,6,4,4,No,0,Low Risk
1591,50,Sales,Manager,19331,1,3,3,Yes,2,Medium Risk
1592,23,Research & Development,Research Scientist,2073,2,3,3,No,1,Low Risk
1594,36,Research & Development,Laboratory Technician,5562,3,1,3,Yes,2,Medium Risk
1595,42,Research & Development,Manager,19613,1,4,3,No,1,Low Risk
1596,35,Research & Development,Laboratory Technician,3407,10,3,2,No,1,Low Risk
1597,34,Research & Development,Healthcare Representative,5063,8,3,2,No,1,Low Risk
1598,40,Sales,Sales Executive,4639,5,1,3,No,1,Low Risk
1599,43,Research & Development,Laboratory Technician,4876,6,2,3,No,1,Low Risk
1601,35,Research & Development,Laboratory Technician,2690,1,4,2,No,3,High Risk
1602,46,Sales,Manager,17567,26,1,1,No,2,Medium Risk
1605,22,Research & Development,Research Scientist,2814,4,3,2,Yes,3,High Risk
1606,50,Research & Development,Healthcare Representative,11245,30,3,3,Yes,1,Low Risk
1607,32,Research & Development,Research Scientist,3312,3,4,3,No,0,Low Risk
1608,44,Research & Development,Research Director,19049,22,4,2,Yes,2,Medium Risk
1609,30,Research & Development,Research Scientist,2141,6,2,2,No,3,High Risk
1611,45,Research & Development,Laboratory Technician,5769,10,1,3,Yes,2,Medium Risk
1612,45,Sales,Sales Executive,4385,10,1,3,No,1,Low Risk
1613,31,Sales,Sales Executive,5332,5,1,3,No,1,Low Risk
1614,36,Research & Development,Manufacturing Director,4663,3,3,3,Yes,1,Low Risk
1615,34,Research & Development,Manufacturing Director,4724,9,4,3,No,0,Low Risk
1617,49,Research & Development,Laboratory Technician,3211,9,1,2,No,3,High Risk
1618,39,Research & Development,Manufacturing Director,5377,7,1,3,No,1,Low Risk
1619,27,Research & Development,Laboratory Technician,4066,7,1,3,No,1,Low Risk
1621,35,Research & Development,Research Scientist,5208,16,1,3,No,1,Low Risk
1622,28,Research & Development,Manufacturing Director,4877,5,1,2,No,2,Medium Risk
1623,21,Research & Development,Research Scientist,3117,2,4,3,No,1,Low Risk
1625,47,Human Resources,Manager,19658,5,3,3,No,0,Low Risk
1627,39,Research & Development,Laboratory Technician,3069,10,3,3,No,1,Low Risk
1628,40,Research & Development,Manufacturing Director,10435,18,3,3,No,0,Low Risk
1630,35,Research & Development,Healthcare Representative,4148,14,3,3,No,0,Low Risk
1631,37,Research & Development,Manufacturing Director,5768,4,3,2,No,1,Low Risk
1633,39,Research & Development,Manufacturing Director,5042,9,3,1,No,1,Low Risk
1635,45,Research & Development,Manufacturing Director,5770,10,4,3,No,0,Low Risk
1638,38,Research & Development,Manufacturing Director,7756,5,3,4,Yes,1,Low Risk
1640,37,Research & Development,Research Scientist,3936,8,2,1,No,2,Medium Risk
1641,40,Research & Development,Manufacturing Director,7945,4,4,2,Yes,2,Medium Risk
1642,44,Human Resources,Human Resources,5743,10,4,3,Yes,1,Low Risk
1644,48,Research & Development,Manager,15202,2,4,3,No,0,Low Risk
1646,24,Research & Development,Research Scientist,3760,6,4,3,Yes,1,Low Risk
1647,27,Research & Development,Research Scientist,3517,3,3,3,No,0,Low Risk
1648,27,Research & Development,Research Scientist,2580,4,4,2,No,2,Medium Risk
1650,29,Sales,Sales Executive,5869,5,3,3,No,0,Low Risk
1651,36,Research & Development,Healthcare Representative,8008,3,1,3,No,1,Low Risk
1653,25,Research & Development,Manufacturing Director,5206,7,3,3,No,0,Low Risk
1654,39,Research & Development,Manufacturing Director,5295,5,2,3,No,1,Low Risk
1655,49,Research & Development,Research Director,16413,4,2,3,No,1,Low Risk
1656,50,Research & Development,Research Director,13269,14,1,3,No,1,Low Risk
1657,20,Sales,Sales Representative,2783,2,3,3,No,1,Low Risk
1658,34,Research & Development,Research Scientist,5433,11,2,3,No,1,Low Risk
1659,36,Research & Development,Laboratory Technician,2013,4,2,3,No,2,Medium Risk
1661,49,Research & Development,Healthcare Representative,13966,15,3,3,Yes,1,Low Risk
1662,36,Research & Development,Manufacturing Director,4374,3,3,3,No,0,Low Risk
1664,36,Research & Development,Healthcare Representative,6842,5,1,3,No,1,Low Risk
1665,54,Research & Development,Manager,17426,10,3,3,No,0,Low Risk
1666,43,Research & Development,Research Director,17603,14,3,3,No,0,Low Risk
1668,38,Research & Development,Research Scientist,4735,13,4,4,No,0,Low Risk
1669,29,Sales,Sales Executive,4187,10,2,2,Yes,3,High Risk
1670,33,Sales,Sales Executive,5505,6,4,3,No,0,Low Risk
1671,32,Research & Development,Research Scientist,5470,9,2,2,No,2,Medium Risk
1673,31,Sales,Sales Executive,5476,10,4,3,No,0,Low Risk
1674,49,Research & Development,Laboratory Technician,2587,2,1,2,Yes,4,High Risk
1675,38,Research & Development,Laboratory Technician,2440,4,2,3,No,2,Medium Risk
1676,47,Sales,Manager,15972,3,2,3,No,1,Low Risk
1677,49,Research & Development,Manager,15379,8,3,3,No,0,Low Risk
1678,41,Sales,Sales Executive,7082,2,3,3,Yes,1,Low Risk
1680,20,Sales,Sales Representative,2728,2,1,3,No,2,Medium Risk
1681,33,Sales,Sales Executive,5368,6,4,3,Yes,1,Low Risk
1682,36,Research & Development,Healthcare Representative,5347,3,3,2,No,1,Low Risk
1683,44,Human Resources,Human Resources,3195,2,4,3,Yes,2,Medium Risk
1687,38,Research & Development,Laboratory Technician,3306,0,3,2,No,2,Medium Risk
1689,53,Research & Development,Healthcare Representative,7005,4,4,3,No,0,Low Risk
1693,26,Research & Development,Laboratory Technician,2570,7,4,3,No,1,Low Risk
1694,55,Research & Development,Research Scientist,3537,4,2,3,No,1,Low Risk
1696,34,Research & Development,Laboratory Technician,3986,15,4,4,No,0,Low Risk
1697,60,Research & Development,Healthcare Representative,10883,1,4,4,No,1,Low Risk
1698,33,Research & Development,Laboratory Technician,2028,14,2,3,No,2,Medium Risk
1700,37,Sales,Sales Executive,9525,6,4,2,No,1,Low Risk
1701,34,Research & Development,Research Scientist,2929,10,4,3,No,1,Low Risk
1703,44,Research & Development,Healthcare Representative,7879,8,4,3,Yes,1,Low Risk
1704,35,Research & Development,Research Scientist,4930,5,4,4,Yes,1,Low Risk
1706,43,Sales,Sales Executive,7847,10,4,3,Yes,1,Low Risk
1707,24,Research & Development,Research Scientist,4401,5,3,3,No,0,Low Risk
1708,41,Sales,Sales Executive,9241,10,3,3,No,0,Low Risk
1709,29,Research & Development,Laboratory Technician,2974,5,3,3,No,1,Low Risk
1710,36,Sales,Sales Representative,4502,13,4,2,No,1,Low Risk
1712,45,Research & Development,Healthcare Representative,10748,23,3,2,No,1,Low Risk
1718,26,Research & Development,Laboratory Technician,2305,3,3,4,No,1,Low Risk
1719,45,Research & Development,Research Director,16704,21,2,3,No,1,Low Risk
1720,32,Research & Development,Research Scientist,3433,5,3,2,No,1,Low Risk
1721,31,Research & Development,Laboratory Technician,3477,5,3,4,No,0,Low Risk
1722,41,Human Resources,Human Resources,6430,3,2,3,No,1,Low Risk
1724,40,Research & Development,Manufacturing Director,6516,1,1,3,Yes,3,High Risk
1725,24,Research & Development,Laboratory Technician,3907,6,1,4,No,1,Low Risk
1727,46,Research & Development,Healthcare Representative,5562,10,2,3,No,1,Low Risk
1728,35,Research & Development,Manufacturing Director,6883,7,3,3,No,0,Low Risk
1729,30,Research & Development,Research Scientist,2862,10,4,2,No,2,Medium Risk
1731,47,Sales,Sales Executive,4978,1,2,1,No,3,High Risk
1732,46,Sales,Sales Executive,10368,10,4,2,Yes,2,Medium Risk
1735,23,Research & Development,Laboratory Technician,3295,3,2,1,No,2,Medium Risk
1736,31,Research & Development,Manufacturing Director,5238,5,4,2,No,1,Low Risk
1737,39,Research & Development,Laboratory Technician,6472,9,4,3,Yes,1,Low Risk
1739,32,Sales,Sales Executive,9610,4,3,1,No,1,Low Risk
1740,40,Sales,Manager,19833,21,2,2,No,2,Medium Risk
1744,45,Human Resources,Human Resources,9756,5,3,4,No,0,Low Risk
1745,30,Research & Development,Research Scientist,4968,9,1,3,No,1,Low Risk
1746,24,Human Resources,Human Resources,2145,2,4,3,No,1,Low Risk
1749,31,Sales,Sales Executive,8346,5,3,3,No,0,Low Risk
1751,27,Research & Development,Research Scientist,3445,6,4,2,No,1,Low Risk
1753,29,Research & Development,Healthcare Representative,6294,3,3,4,Yes,1,Low Risk
1754,30,Sales,Sales Executive,7140,7,1,3,No,1,Low Risk
1755,34,Research & Development,Research Scientist,2932,5,4,3,Yes,2,Medium Risk
1756,33,Sales,Sales Executive,5147,11,2,2,No,2,Medium Risk
1757,49,Sales,Sales Executive,4507,5,4,4,No,0,Low Risk
1760,38,Research & Development,Laboratory Technician,2468,6,2,2,No,3,High Risk
1762,29,Research & Development,Research Scientist,2109,1,1,3,No,3,High Risk
1763,30,Research & Development,Healthcare Representative,5294,7,3,3,No,0,Low Risk
1764,32,Research & Development,Research Scientist,2718,7,2,3,No,2,Medium Risk
1766,38,Research & Development,Healthcare Representative,5811,1,4,3,Yes,2,Medium Risk
1768,42,Research & Development,Laboratory Technician,2766,5,2,2,No,3,High Risk
1770,55,Research & Development,Research Director,19038,1,1,3,No,2,Medium Risk
1771,33,Research & Development,Research Scientist,3055,9,2,2,No,3,High Risk
1772,41,Research & Development,Laboratory Technician,2289,5,1,3,No,2,Medium Risk
1774,34,Sales,Sales Executive,4001,15,3,3,Yes,1,Low Risk
1775,53,Research & Development,Manufacturing Director,12965,3,3,2,Yes,2,Medium Risk
1778,43,Human Resources,Human Resources,3539,9,4,3,No,0,Low Risk
1779,34,Sales,Sales Executive,6029,2,4,3,No,0,Low Risk
1782,38,Research & Development,Laboratory Technician,3702,5,3,3,No,0,Low Risk
1784,31,Sales,Sales Executive,5468,12,4,3,No,0,Low Risk
1786,51,Research & Development,Manager,13116,2,3,3,No,0,Low Risk
1787,37,Sales,Sales Executive,4189,5,2,3,No,1,Low Risk
1789,46,Research & Development,Research Director,19328,2,4,3,Yes,1,Low Risk
1790,36,Research & Development,Healthcare Representative,8321,12,1,3,Yes,2,Medium Risk
1794,37,Human Resources,Human Resources,4071,10,2,2,No,2,Medium Risk
1798,33,Research & Development,Research Scientist,3143,10,1,3,No,2,Medium Risk
1799,28,Research & Development,Research Scientist,2044,5,4,4,No,1,Low Risk
1800,39,Research & Development,Research Director,13464,4,3,3,No,0,Low Risk
1801,46,Sales,Sales Executive,7991,2,2,3,No,1,Low Risk
1802,40,Research & Development,Laboratory Technician,3377,4,1,2,No,2,Medium Risk
1803,42,Research & Development,Healthcare Representative,5538,0,1,2,No,3,High Risk
1804,35,Research & Development,Manufacturing Director,5762,7,4,3,No,0,Low Risk
1805,38,Human Resources,Human Resources,2592,11,2,3,No,2,Medium Risk
1812,39,Sales,Sales Executive,4127,2,4,3,No,0,Low Risk
1813,43,Research & Development,Research Scientist,2438,3,3,2,No,2,Medium Risk
1814,41,Research & Development,Healthcare Representative,6870,3,2,1,No,2,Medium Risk
1815,41,Sales,Sales Executive,10447,22,3,4,Yes,1,Low Risk
1816,30,Research & Development,Manufacturing Director,9667,7,3,3,No,0,Low Risk
1822,40,Research & Development,Healthcare Representative,6513,5,4,3,No,0,Low Risk
1823,34,Sales,Sales Executive,6799,10,3,3,No,0,Low Risk
1824,58,Sales,Manager,16291,16,2,2,No,2,Medium Risk
1826,35,Research & Development,Laboratory Technician,2705,5,3,4,No,1,Low Risk
1827,47,Research & Development,Manufacturing Director,10333,22,2,3,Yes,2,Medium Risk
1829,40,Research & Development,Healthcare Representative,4448,7,1,3,No,1,Low Risk
1830,54,Research & Development,Research Scientist,6854,7,4,2,No,1,Low Risk
1833,31,Sales,Sales Executive,9637,3,1,3,No,1,Low Risk
1834,28,Research & Development,Research Scientist,3591,3,1,3,No,1,Low Risk
1835,38,Sales,Sales Representative,5405,4,4,2,Yes,2,Medium Risk
1836,26,Sales,Sales Executive,4684,5,4,3,No,0,Low Risk
1837,58,Research & Development,Research Director,15787,2,3,3,Yes,1,Low Risk
1839,18,Research & Development,Research Scientist,1514,0,3,1,No,3,High Risk
1845,45,Sales,Sales Executive,5154,8,3,4,No,0,Low Risk
1847,36,Research & Development,Research Scientist,6962,1,2,3,Yes,3,High Risk
1849,43,Sales,Sales Executive,5675,7,4,3,No,0,Low Risk
1850,27,Research & Development,Laboratory Technician,2379,5,4,2,Yes,3,High Risk
1852,29,Research & Development,Laboratory Technician,3812,11,4,4,No,0,Low Risk
1853,32,Sales,Sales Executive,4648,0,4,4,No,1,Low Risk
1854,42,Research & Development,Research Scientist,2936,6,3,2,No,2,Medium Risk
1856,47,Research & Development,Laboratory Technician,2105,2,3,3,No,1,Low Risk
1857,46,Research & Development,Manufacturing Director,8578,9,4,2,No,1,Low Risk
1858,28,Human Resources,Human Resources,2706,3,4,3,No,1,Low Risk
1859,29,Research & Development,Healthcare Representative,6384,7,3,3,No,0,Low Risk
1860,42,Research & Development,Laboratory Technician,3968,0,3,3,No,1,Low Risk
1863,46,Sales,Sales Executive,13225,19,1,3,No,1,Low Risk
1864,27,Sales,Sales Representative,3540,9,3,3,No,0,Low Risk
1865,29,Human Resources,Human Resources,2804,1,2,3,No,3,High Risk
1866,43,Research & Development,Manager,19392,16,3,3,No,0,Low Risk
1867,48,Research & Development,Research Director,19665,22,2,3,No,1,Low Risk
1870,27,Research & Development,Research Scientist,4774,7,1,2,No,2,Medium Risk
1871,39,Research & Development,Research Scientist,3902,2,4,3,No,0,Low Risk
1873,55,Research & Development,Research Scientist,2662,5,4,4,No,1,Low Risk
1875,28,Sales,Sales Representative,2856,1,2,3,No,3,High Risk
1880,36,Sales,Sales Executive,5673,10,3,3,Yes,1,Low Risk
1881,31,Research & Development,Laboratory Technician,4197,10,3,3,No,0,Low Risk
1882,34,Sales,Sales Executive,9713,5,4,3,Yes,1,Low Risk
1883,29,Research & Development,Laboratory Technician,2062,3,1,3,No,2,Medium Risk
1885,37,Research & Development,Research Scientist,4284,5,1,3,Yes,2,Medium Risk
1886,35,Research & Development,Manufacturing Director,4788,3,2,3,Yes,2,Medium Risk
1888,45,Research & Development,Manufacturing Director,5906,9,4,2,No,1,Low Risk
1890,36,Human Resources,Human Resources,3886,10,4,2,No,1,Low Risk
1892,40,Research & Development,Manager,16823,19,1,3,No,1,Low Risk
1893,26,Research & Development,Research Scientist,2933,1,3,2,Yes,4,High Risk
1898,27,Sales,Sales Executive,6500,8,3,2,No,1,Low Risk
1900,48,Research & Development,Manager,17174,22,4,3,No,0,Low Risk
1903,44,Research & Development,Healthcare Representative,5033,2,1,3,No,1,Low Risk
1908,36,Sales,Sales Executive,5507,4,2,1,No,2,Medium Risk
1909,41,Sales,Sales Executive,4393,5,2,3,No,1,Low Risk
1911,42,Research & Development,Research Director,13348,13,1,4,No,1,Low Risk
1912,31,Sales,Sales Executive,6583,5,4,3,Yes,1,Low Risk
1915,34,Sales,Sales Executive,8103,4,4,2,Yes,2,Medium Risk
1916,31,Research & Development,Laboratory Technician,3978,2,3,2,No,1,Low Risk
1918,26,Research & Development,Laboratory Technician,2544,7,4,3,No,1,Low Risk
1922,45,Research & Development,Healthcare Representative,5399,4,3,3,No,0,Low Risk
1924,33,Sales,Sales Executive,5487,10,3,2,No,1,Low Risk
1927,28,Sales,Sales Executive,6834,7,4,3,Yes,1,Low Risk
1929,39,Sales,Sales Executive,5736,3,3,3,No,0,Low Risk
1931,27,Research & Development,Research Scientist,2226,5,2,2,No,3,High Risk
1932,34,Research & Development,Research Scientist,5747,15,4,3,Yes,1,Low Risk
1934,47,Research & Development,Research Scientist,5467,8,2,4,No,1,Low Risk
1935,56,Sales,Sales Executive,5380,0,1,3,No,2,Medium Risk
1936,39,Research & Development,Manufacturing Director,5151,10,1,3,No,1,Low Risk
1937,38,Research & Development,Research Scientist,2133,20,2,3,Yes,3,High Risk
1938,58,Sales,Manager,17875,1,4,2,Yes,3,High Risk
1940,38,Research & Development,Research Scientist,4771,5,4,4,No,0,Low Risk
1941,49,Research & Development,Research Director,19161,5,4,3,No,0,Low Risk
1943,42,Sales,Sales Executive,5087,0,4,3,Yes,2,Medium Risk
1945,35,Sales,Sales Executive,5561,5,1,1,No,2,Medium Risk
1947,28,Research & Development,Research Scientist,2144,5,3,2,No,2,Medium Risk
1948,31,Research & Development,Research Scientist,3065,4,1,4,Yes,3,High Risk
1949,36,Research & Development,Laboratory Technician,2810,5,2,3,No,2,Medium Risk
1950,34,Sales,Sales Executive,9888,14,4,2,No,1,Low Risk
1951,34,Sales,Sales Executive,8628,8,3,2,No,1,Low Risk
1952,26,Research & Development,Laboratory Technician,2867,7,1,2,No,3,High Risk
1954,29,Research & Development,Healthcare Representative,5373,5,1,2,No,2,Medium Risk
1955,32,Research & Development,Healthcare Representative,6667,5,4,3,No,0,Low Risk
1956,31,Research & Development,Research Scientist,5003,10,1,3,No,1,Low Risk
1961,38,Sales,Sales Representative,2858,1,1,2,No,4,High Risk
1962,35,Sales,Sales Executive,5204,10,4,3,Yes,1,Low Risk
1965,27,Sales,Sales Executive,4105,7,4,3,No,0,Low Risk
1966,32,Research & Development,Manufacturing Director,9679,1,4,3,No,1,Low Risk
1969,54,Research & Development,Research Scientist,2897,4,3,2,No,2,Medium Risk
1970,33,Research & Development,Healthcare Representative,5968,9,3,3,No,0,Low Risk
1971,43,Research & Development,Healthcare Representative,7510,10,3,3,No,0,Low Risk
1972,38,Human Resources,Human Resources,2991,6,2,3,Yes,3,High Risk
1973,55,Human Resources,Manager,19636,10,2,3,Yes,2,Medium Risk
1974,31,Research & Development,Laboratory Technician,1129,1,4,3,Yes,3,High Risk
1975,39,Sales,Sales Executive,13341,20,1,3,No,1,Low Risk
1976,42,Research & Development,Research Scientist,4332,20,3,3,No,0,Low Risk
1979,31,Research & Development,Research Director,11031,11,3,4,No,0,Low Risk
1980,54,Research & Development,Manufacturing Director,4440,5,1,3,Yes,2,Medium Risk
1981,24,Research & Development,Healthcare Representative,4617,4,3,2,No,1,Low Risk
1982,23,Research & Development,Laboratory Technician,2647,5,4,4,No,1,Low Risk
1985,40,Research & Development,Laboratory Technician,6323,10,3,4,No,0,Low Risk
1986,40,Sales,Sales Executive,5677,11,2,3,No,1,Low Risk
1987,25,Human Resources,Human Resources,2187,2,2,3,No,2,Medium Risk
1989,30,Research & Development,Laboratory Technician,3748,12,2,2,No,2,Medium Risk
1992,25,Research & Development,Laboratory Technician,3977,2,3,2,Yes,2,Medium Risk
1993,47,Research & Development,Healthcare Representative,8633,17,3,3,No,0,Low Risk
1994,33,Research & Development,Laboratory Technician,2008,1,3,2,No,3,High Risk
1995,38,Sales,Sales Executive,4440,15,2,3,No,1,Low Risk
1996,31,Sales,Sales Representative,3067,2,3,3,No,1,Low Risk
1997,38,Research & Development,Manufacturing Director,5321,8,3,3,No,0,Low Risk
1998,42,Research & Development,Research Scientist,5410,4,1,2,Yes,3,High Risk
1999,41,Research & Development,Research Scientist,2782,5,4,3,No,1,Low Risk
2000,47,Research & Development,Research Director,11957,13,2,1,No,2,Medium Risk
2003,35,Research & Development,Laboratory Technician,2660,2,3,3,Yes,2,Medium Risk
2007,22,Research & Development,Research Scientist,3375,3,3,4,No,0,Low Risk
2008,35,Research & Development,Research Scientist,5098,10,3,3,No,0,Low Risk
2009,33,Research & Development,Healthcare Representative,4878,9,4,3,Yes,1,Low Risk
2010,32,Research & Development,Laboratory Technician,2837,6,2,3,No,2,Medium Risk
2012,40,Research & Development,Laboratory Technician,2406,1,4,2,No,3,High Risk
2013,32,Sales,Sales Representative,2269,2,2,3,No,2,Medium Risk
2014,39,Research & Development,Research Scientist,4108,7,4,3,No,0,Low Risk
2015,38,Research & Development,Research Director,13206,18,3,3,No,0,Low Risk
2016,32,Sales,Sales Executive,10422,14,4,3,No,0,Low Risk
2017,37,Research & Development,Research Director,13744,16,4,3,Yes,1,Low Risk
2018,25,Sales,Sales Executive,4907,5,3,2,Yes,2,Medium Risk
2019,52,Sales,Sales Representative,3482,9,4,2,No,1,Low Risk
2020,44,Research & Development,Research Scientist,2436,4,4,3,Yes,2,Medium Risk
2021,21,Sales,Sales Representative,2380,2,1,3,Yes,3,High Risk
2022,39,Research & Development,Manager,19431,6,4,2,No,1,Low Risk
2024,36,Sales,Sales Executive,7644,9,4,3,No,0,Low Risk
2025,36,Research & Development,Manufacturing Director,5131,4,2,3,No,1,Low Risk
2026,56,Research & Development,Healthcare Representative,6306,13,3,2,No,1,Low Risk
2031,42,Research & Development,Manager,18880,22,3,2,No,1,Low Risk
2034,41,Research & Development,Manufacturing Director,13570,20,2,3,No,1,Low Risk
2035,34,Sales,Sales Executive,6712,8,3,3,No,0,Low Risk
2036,36,Sales,Sales Executive,5406,15,4,2,No,1,Low Risk
2037,41,Sales,Sales Executive,8938,5,2,3,No,1,Low Risk
2038,32,Research & Development,Research Scientist,2439,4,1,3,No,2,Medium Risk
2040,35,Human Resources,Human Resources,8837,9,4,3,Yes,1,Low Risk
2041,38,Sales,Sales Executive,5343,10,4,3,No,0,Low Risk
2045,36,Sales,Sales Executive,6652,6,4,2,No,1,Low Risk
2046,45,Sales,Sales Executive,4850,5,3,3,No,0,Low Risk
2048,40,Research & Development,Research Scientist,2809,2,3,3,No,1,Low Risk
2049,35,Research & Development,Healthcare Representative,5689,10,3,4,Yes,1,Low Risk
2051,40,Research & Development,Research Scientist,2001,5,3,3,No,1,Low Risk
2052,35,Research & Development,Research Scientist,2977,4,4,3,No,1,Low Risk
2053,29,Research & Development,Laboratory Technician,4025,4,2,3,Yes,2,Medium Risk
2054,29,Research & Development,Research Scientist,3785,5,1,1,No,2,Medium Risk
2056,39,Sales,Sales Executive,12031,20,4,2,No,1,Low Risk
2057,31,Research & Development,Manufacturing Director,9936,9,1,3,No,1,Low Risk
2060,26,Sales,Sales Representative,2966,4,3,3,No,1,Low Risk
2061,36,Research & Development,Laboratory Technician,2571,5,4,3,No,1,Low Risk
2062,39,Research & Development,Healthcare Representative,9991,7,1,3,No,1,Low Risk
2064,27,Research & Development,Manufacturing Director,6142,6,2,3,Yes,2,Medium Risk
2065,49,Sales,Sales Executive,5390,9,2,2,No,2,Medium Risk
2068,34,Research & Development,Laboratory Technician,4404,4,3,4,No,0,Low Risk
